City_ID,City,Country,Date,Lat,Lng,Max Temp,Humidity,Cloudiness,Wind Speed
0,Adrar,MR,2020-04-06 21:25:25,20.5,-10.07,82.31,13,0,11.21
1,Astana,KZ,2020-04-06 21:22:48,51.18,71.45,37.4,86,100,11.18
2,Bredasdorp,ZA,2020-04-06 21:23:24,-34.53,20.04,55.99,62,15,11.41
3,Ushuaia,AR,2020-04-06 21:21:18,-54.8,-68.3,57.2,50,75,16.11
4,Hermanus,ZA,2020-04-06 21:25:26,-34.42,19.23,55.99,71,16,5.99
5,Luderitz,NA,2020-04-06 21:25:26,-26.65,15.16,62.6,67,8,13.87
6,Saint-Pierre,RE,2020-04-06 21:25:26,-21.34,55.48,77.0,73,20,6.93
7,Naron,ES,2020-04-06 21:25:26,43.52,-8.15,59.0,67,99,2.24
8,Jamestown,US,2020-04-06 21:25:26,42.1,-79.24,59.0,17,1,5.82
9,Bonthe,SL,2020-04-06 21:25:27,7.53,-12.51,81.59,85,77,6.35
10,Lardos,GR,2020-04-06 21:25:27,36.09,28.02,57.2,87,20,6.93
11,Cidreira,BR,2020-04-06 21:25:27,-30.18,-50.21,70.54,83,87,9.31
12,Talnakh,RU,2020-04-06 21:25:27,69.49,88.4,32.0,94,90,20.13
13,Port Alfred,ZA,2020-04-06 21:25:27,-33.59,26.89,61.21,64,55,20.89
14,Kutum,SD,2020-04-06 21:25:27,14.2,24.67,69.04,11,1,4.18
15,Kant,IN,2020-04-06 21:25:28,27.8,79.8,75.22,24,0,7.99
16,Chuy,UY,2020-04-06 21:25:23,-33.7,-53.46,61.9,51,1,18.03
17,Ribeira Grande,PT,2020-04-06 21:25:28,38.52,-28.7,64.4,88,75,13.87
18,Conde,BR,2020-04-06 21:25:28,-7.26,-34.91,82.4,83,20,9.17
19,Faya,SA,2020-04-06 21:25:28,18.39,42.45,66.2,63,34,5.46
20,Clyde River,CA,2020-04-06 21:25:28,70.47,-68.59,14.0,72,20,36.91
21,Cape Town,ZA,2020-04-06 21:24:41,-33.93,18.42,55.99,66,75,5.82
22,Busselton,AU,2020-04-06 21:25:29,-33.65,115.33,64.0,39,0,16.44
23,Axim,GH,2020-04-06 21:25:29,4.87,-2.24,82.35,81,0,5.44
24,Rawson,AR,2020-04-06 21:25:29,-43.3,-65.1,59.2,32,0,3.18
25,Upernavik,GL,2020-04-06 21:25:29,72.79,-56.15,18.25,90,0,19.91
26,Souillac,MU,2020-04-06 21:25:29,-20.52,57.52,78.01,83,40,8.05
27,Vila Velha,BR,2020-04-06 21:24:47,-20.33,-40.29,78.8,78,75,10.29
28,Longyearbyen,SJ,2020-04-06 21:22:14,78.22,15.64,14.0,66,75,17.22
29,Olafsvik,IS,2020-04-06 21:25:29,64.89,-23.71,32.59,91,100,33.06
30,Ancud,CL,2020-04-06 21:25:30,-41.87,-73.82,55.4,54,13,9.17
31,Puerto Del Rosario,ES,2020-04-06 21:25:30,28.5,-13.86,69.8,73,20,10.29
32,Varhaug,NO,2020-04-06 21:25:30,58.61,5.65,46.99,93,75,8.05
33,Francisco Sa,BR,2020-04-06 21:25:30,-16.48,-43.49,86.0,55,20,4.7
34,Klaksvik,FO,2020-04-06 21:25:30,62.23,-6.59,41.0,64,20,13.87
35,Mahajanga,MG,2020-04-06 21:15:38,-15.72,46.32,78.8,88,20,1.23
36,Mahebourg,MU,2020-04-06 21:25:03,-20.41,57.7,78.01,83,40,8.05
37,Bandarbeyla,SO,2020-04-06 21:25:07,9.49,50.81,79.84,69,0,8.79
38,East London,ZA,2020-04-06 21:25:31,-33.02,27.91,64.83,61,77,22.1
39,Manta,EC,2020-04-06 21:25:31,-0.95,-80.73,82.4,78,75,4.7
40,Kabalo,CD,2020-04-06 21:16:02,-6.05,26.92,71.15,78,96,1.32
41,Tasiilaq,GL,2020-04-06 21:25:31,65.61,-37.64,28.4,86,100,9.17
42,Dingle,PH,2020-04-06 21:25:31,11.0,122.67,75.38,82,0,5.64
43,Torbay,CA,2020-04-06 21:25:31,47.67,-52.73,33.01,80,90,25.28
44,Igrim,RU,2020-04-06 21:25:31,63.19,64.42,23.29,96,8,2.89
45,Nanortalik,GL,2020-04-06 21:25:32,60.14,-45.24,28.31,87,0,27.76
46,Hare Bay,CA,2020-04-06 21:16:23,48.85,-54.01,33.8,69,90,19.46
47,Harqalah,TN,2020-04-06 21:16:13,36.03,10.51,62.01,71,0,5.82
48,Dahra,DZ,2020-04-06 21:25:32,36.25,0.85,56.55,67,93,8.84
49,Oxapampa,PE,2020-04-06 21:23:04,-10.58,-75.4,72.73,41,10,3.56
50,Taraz,KZ,2020-04-06 21:25:32,42.9,71.37,53.6,71,18,6.71
51,Charlestown,AU,2020-04-06 21:23:30,-32.95,151.67,64.0,88,75,10.29
52,Manono,CD,2020-04-06 21:25:33,-7.3,27.42,70.84,77,80,1.83
53,La Asuncion,VE,2020-04-06 21:16:01,11.03,-63.86,73.4,100,80,23.04
54,Tirumullaivasal,IN,2020-04-06 21:25:33,11.23,79.83,81.1,81,0,6.73
55,Georgetown,MY,2020-04-06 21:22:59,5.41,100.34,82.0,88,20,0.89
56,Mayumba,GA,2020-04-06 21:25:33,-3.43,10.66,79.38,85,100,6.93
57,Rocha,UY,2020-04-06 21:25:33,-34.48,-54.33,58.59,54,0,13.06
58,Punta Arenas,CL,2020-04-06 21:25:33,-53.15,-70.92,53.6,62,100,17.22
59,Narsaq,GL,2020-04-06 21:25:33,60.92,-46.05,28.4,33,0,3.36
60,Kedrovyy,RU,2020-04-06 21:25:34,56.17,91.82,26.6,79,83,2.24
61,Itarema,BR,2020-04-06 21:25:34,-2.92,-39.92,80.31,86,99,6.82
62,Berlevag,NO,2020-04-06 21:25:34,70.86,29.09,26.6,79,20,19.46
63,Torquay,GB,2020-04-06 21:25:34,50.46,-3.51,48.99,70,1,5.17
64,Saint-Philippe,RE,2020-04-06 21:25:34,-21.36,55.77,77.0,73,20,6.93
65,Darnah,LY,2020-04-06 21:25:35,32.77,22.64,58.84,73,5,12.01
66,Niquero,CU,2020-04-06 21:25:35,20.04,-77.58,86.2,58,50,7.29
67,Dwarka,IN,2020-04-06 21:25:35,22.24,68.97,78.24,76,0,13.71
68,Cranendonck,NL,2020-04-06 21:25:35,51.28,5.58,60.01,67,89,6.93
69,Tonantins,BR,2020-04-06 21:25:35,-2.87,-67.8,82.24,89,99,2.84
70,Port Elizabeth,ZA,2020-04-06 21:25:35,-33.92,25.57,57.2,71,76,16.11
71,Saint Anthony,US,2020-04-06 21:25:35,45.02,-93.22,59.0,58,90,9.17
72,Nosy Varika,MG,2020-04-06 21:25:35,-20.58,48.53,74.3,90,50,2.75
73,Matagami,CA,2020-04-06 21:25:36,49.75,-77.63,35.6,43,1,11.41
74,Kruisfontein,ZA,2020-04-06 21:25:36,-34.0,24.73,54.64,67,90,20.69
75,Brokopondo,SR,2020-04-06 21:25:36,4.75,-55.17,82.13,76,100,5.88
76,Bauchi,NG,2020-04-06 21:25:36,10.5,10.0,85.95,38,79,7.36
77,Sao Jose Da Coroa Grande,BR,2020-04-06 21:25:36,-8.9,-35.15,81.52,77,10,8.84
78,Pimentel,PE,2020-04-06 21:25:36,-6.84,-79.93,66.2,29,3,20.8
79,Westfield,US,2020-04-06 21:25:36,42.13,-72.75,64.4,16,1,10.29
80,Sambava,MG,2020-04-06 21:25:36,-14.27,50.17,75.99,86,6,5.86
81,Codrington,AU,2020-04-06 21:24:24,-38.27,141.97,52.54,71,100,5.55
82,Sorland,NO,2020-04-06 21:22:04,67.67,12.69,42.06,78,100,18.7
83,Bambous Virieux,MU,2020-04-06 21:25:37,-20.34,57.76,78.01,83,40,8.05
84,Lebu,CL,2020-04-06 21:21:24,-37.62,-73.65,57.07,57,0,22.19
85,Santiago Del Estero,AR,2020-04-06 21:25:06,-27.8,-64.26,76.46,38,7,14.47
86,Touros,BR,2020-04-06 21:25:37,-5.2,-35.46,82.4,83,20,9.17
87,Los Llanos De Aridane,ES,2020-04-06 21:25:37,28.66,-17.92,69.8,83,75,3.36
88,Ostrovnoy,RU,2020-04-06 21:25:37,68.05,39.51,16.25,95,94,5.19
89,Coihueco,CL,2020-04-06 21:25:37,-36.62,-71.83,73.4,25,0,14.99
90,Dubrovytsya,UA,2020-04-06 21:25:38,51.57,26.57,43.59,55,0,4.74
91,Mar Del Plata,AR,2020-04-06 21:25:38,-38.0,-57.56,57.99,66,75,12.75
92,Nieuw Amsterdam,SR,2020-04-06 21:25:38,5.88,-55.08,86.0,66,40,13.87
93,Mana,GF,2020-04-06 21:25:38,5.66,-53.78,81.23,76,83,10.87
94,Rovinj,HR,2020-04-06 21:25:38,45.08,13.64,64.4,32,0,10.29
95,Salvador,SV,2020-04-06 21:25:38,13.83,-88.92,91.4,66,20,12.75
96,Vila Franca Do Campo,PT,2020-04-06 21:25:38,37.72,-25.43,62.6,100,75,10.29
97,Pedernales,DO,2020-04-06 21:25:38,18.04,-71.74,83.73,63,96,5.86
98,Vardo,NO,2020-04-06 21:25:39,70.37,31.11,28.4,86,75,17.22
99,Skibbereen,IE,2020-04-06 21:23:27,51.55,-9.27,41.0,86,20,3.36
100,Praia,CV,2020-04-06 21:25:39,14.92,-23.51,73.4,69,0,17.22
101,Dikson,RU,2020-04-06 21:25:39,73.51,80.55,8.11,95,97,13.78
102,Imbituba,BR,2020-04-06 21:25:39,-28.24,-48.67,69.8,68,75,5.82
103,Muros,ES,2020-04-06 21:25:39,42.78,-9.06,60.01,82,40,3.36
104,Bilma,NE,2020-04-06 21:25:39,18.69,12.92,87.24,11,0,10.65
105,Saint-Joseph,RE,2020-04-06 21:16:19,-21.37,55.62,77.0,73,20,6.93
106,Baghdad,IQ,2020-04-06 21:25:33,33.34,44.4,71.6,49,93,5.82
107,Kajiado,KE,2020-04-06 21:25:40,-1.85,36.78,66.2,82,75,5.82
108,Iroquois Falls,CA,2020-04-06 21:20:59,48.77,-80.68,46.4,26,40,8.05
109,Taman,RU,2020-04-06 21:23:32,45.21,36.72,39.0,51,0,11.18
110,Richards Bay,ZA,2020-04-06 21:25:40,-28.78,32.04,74.75,87,63,6.93
111,Port-Cartier,CA,2020-04-06 21:25:40,50.03,-66.87,35.6,47,75,17.22
112,Beloha,MG,2020-04-06 21:25:40,-25.17,45.05,70.81,80,2,6.55
113,Ponta Do Sol,PT,2020-04-06 21:25:41,32.67,-17.1,68.0,82,20,3.36
114,Sanski Most,BA,2020-04-06 21:25:41,44.77,16.67,46.4,39,0,3.36
115,Kamenka,RU,2020-04-06 21:25:41,51.32,42.77,28.0,53,4,10.31
116,Malakal,SS,2020-04-06 21:25:41,9.53,31.66,89.1,26,97,2.82
117,Sullana,PE,2020-04-06 21:25:41,-4.9,-80.69,92.41,38,2,9.8
118,Llata,PE,2020-04-06 21:25:41,-9.42,-76.78,59.68,27,66,5.32
119,Kudahuvadhoo,MV,2020-04-06 21:25:41,2.67,72.89,84.24,67,56,4.7
120,Arraial Do Cabo,BR,2020-04-06 21:25:41,-22.97,-42.03,78.8,78,2,11.41
121,Lewisporte,CA,2020-04-06 21:15:44,49.25,-55.05,34.0,69,90,19.46
122,Apatity,RU,2020-04-06 21:25:42,67.56,33.4,21.42,94,96,3.78
123,Bullas,ES,2020-04-06 21:25:42,38.05,-1.67,59.0,77,100,3.56
124,Chongoyape,PE,2020-04-06 21:25:42,-6.64,-79.39,66.2,29,31,20.8
125,Kosmynino,RU,2020-04-06 21:25:42,57.58,40.76,24.8,73,0,6.71
126,Dunmore East,IE,2020-04-06 21:25:42,52.15,-6.99,48.0,82,7,1.01
127,Svetlyy,RU,2020-04-06 21:25:42,54.67,20.13,46.4,45,0,6.71
128,Treinta Y Tres,UY,2020-04-06 21:25:42,-33.23,-54.38,59.88,47,0,12.66
129,Bonavista,CA,2020-04-06 21:25:43,48.65,-53.11,32.0,83,100,10.0
130,Sao Felix Do Xingu,BR,2020-04-06 21:25:23,-6.64,-51.99,80.76,84,93,2.37
131,Castro,BR,2020-04-06 21:25:43,-24.79,-50.01,67.71,71,81,4.68
132,Hithadhoo,MV,2020-04-06 21:25:43,-0.6,73.08,83.68,64,6,3.78
133,Kargasok,RU,2020-04-06 21:25:43,59.06,80.86,35.76,97,99,5.08
134,Marathon,US,2020-04-06 21:25:43,44.9,-89.77,57.2,30,90,11.41
135,Hearst,CA,2020-04-06 21:25:43,49.68,-83.67,37.29,81,93,5.5
136,Sarichioi,RO,2020-04-06 21:25:44,44.95,28.85,41.0,32,0,4.7
137,Sistranda,NO,2020-04-06 21:25:44,63.73,8.83,44.6,87,75,2.24
138,Chicama,PE,2020-04-06 21:25:44,-7.84,-79.15,80.1,57,10,9.44
139,Molodizhne,UA,2020-04-06 21:25:44,48.18,32.66,39.2,23,0,5.06
140,Banda Aceh,ID,2020-04-06 21:25:44,5.56,95.32,78.49,81,86,6.4
141,Tekkali,IN,2020-04-06 21:25:44,18.62,84.23,79.54,77,2,5.93
142,Salalah,OM,2020-04-06 21:25:45,17.02,54.09,80.6,74,0,3.36
143,Grand Gaube,MU,2020-04-06 21:25:45,-20.01,57.66,78.01,83,40,8.05
144,Chalus,IR,2020-04-06 21:23:50,36.66,51.42,53.6,100,90,6.93
145,Dolzhanskaya,RU,2020-04-06 21:25:45,46.63,37.8,46.99,100,15,8.01
146,Ilulissat,GL,2020-04-06 21:25:45,69.22,-51.1,15.8,43,91,11.41
147,Semey,KZ,2020-04-06 21:25:45,50.41,80.23,43.48,77,4,6.2
148,Wilson,US,2020-04-06 21:25:45,36.15,-86.28,82.0,36,1,4.7
149,Pisco,PE,2020-04-06 21:25:45,-13.7,-76.22,75.0,30,0,10.29
150,Pangnirtung,CA,2020-04-06 21:25:46,66.15,-65.71,10.4,66,20,2.24
151,Araouane,ML,2020-04-06 21:21:04,18.9,-3.53,86.67,10,0,9.24
152,Elizabeth City,US,2020-04-06 21:25:46,36.29,-76.25,73.4,60,75,12.75
153,Yar-Sale,RU,2020-04-06 21:25:46,66.83,70.83,19.62,98,93,5.82
154,Koroni,GR,2020-04-06 21:25:46,36.8,21.95,53.01,57,100,5.82
155,Roald,NO,2020-04-06 21:25:46,62.58,6.13,50.0,66,100,11.41
156,Cotonou,BJ,2020-04-06 21:25:46,6.37,2.42,82.4,74,20,9.17
157,Takoradi,GH,2020-04-06 21:16:05,4.88,-1.76,82.49,82,0,6.58
158,Comodoro Rivadavia,AR,2020-04-06 21:22:15,-45.87,-67.5,62.6,36,0,9.17
159,Gao,ML,2020-04-06 21:23:51,16.64,1.64,88.72,9,0,9.69
160,Macon,US,2020-04-06 21:25:47,39.87,-88.97,69.8,63,75,18.34
161,Hamilton,US,2020-04-06 21:22:36,39.18,-84.53,70.0,59,40,5.82
162,Aketi,CD,2020-04-06 21:25:47,2.74,23.78,72.5,83,3,1.07
163,Carnarvon,AU,2020-04-06 21:24:24,-24.87,113.63,69.8,88,0,9.17
164,Husavik,IS,2020-04-06 21:25:47,66.04,-17.34,35.6,51,75,50.55
165,Westport,US,2020-04-06 21:25:05,41.14,-73.36,66.99,36,1,11.41
166,Bhanpura,IN,2020-04-06 21:25:48,24.51,75.75,80.29,17,0,8.79
167,Acajutla,SV,2020-04-06 21:22:55,13.59,-89.83,84.99,78,0,5.01
168,Saldanha,ZA,2020-04-06 21:21:53,-33.01,17.94,53.6,81,25,1.12
169,Bengkulu,ID,2020-04-06 21:25:48,-3.8,102.27,76.86,83,100,6.04
170,Thinadhoo,MV,2020-04-06 21:25:48,0.53,72.93,84.22,66,25,1.97
171,Isnos,CO,2020-04-06 21:25:48,1.94,-76.24,64.42,53,100,2.19
172,Onokhino,RU,2020-04-06 21:25:48,56.92,65.54,28.4,92,90,17.9
173,Nsanje,MW,2020-04-06 21:25:48,-16.92,35.26,76.82,67,0,5.28
174,Ladario,BR,2020-04-06 21:25:49,-19.0,-57.6,84.2,74,75,6.93
175,Oistins,BB,2020-04-06 21:25:49,13.07,-59.53,84.2,70,40,13.87
176,Bathsheba,BB,2020-04-06 21:25:49,13.22,-59.52,84.2,70,40,13.87
177,Novoagansk,RU,2020-04-06 21:25:49,61.94,76.66,33.69,92,100,10.09
178,Soavinandriana,MG,2020-04-06 21:25:49,-19.17,46.73,59.29,65,55,3.27
179,Sao Joao Da Barra,BR,2020-04-06 21:15:56,-21.64,-41.05,80.6,78,6,13.87
180,Usinsk,RU,2020-04-06 21:25:49,65.99,57.53,13.66,95,100,9.46
181,Iturama,BR,2020-04-06 21:23:15,-19.73,-50.2,80.83,69,25,0.89
182,Bakchar,RU,2020-04-06 21:25:50,57.02,82.07,35.83,95,100,3.87
183,Poli,TZ,2020-04-06 21:25:50,-3.33,36.8,73.4,88,75,6.4
184,Mahon,ES,2020-04-06 21:25:50,39.89,4.27,53.6,81,29,5.82
185,Gornopravdinsk,RU,2020-04-06 21:25:50,60.05,69.9,32.32,97,100,7.52
186,Mabamba,TZ,2020-04-06 21:25:50,-3.6,30.5,64.63,62,6,1.52
187,Farafangana,MG,2020-04-06 21:25:50,-22.82,47.83,72.82,87,73,5.26
188,Lubumbashi,CD,2020-04-06 21:25:51,-11.66,27.48,64.89,55,94,1.72
189,Bonga,ET,2020-04-06 21:25:51,7.28,36.23,61.39,54,51,2.39
190,Victoria,HK,2020-04-06 21:25:51,22.29,114.16,64.4,82,40,5.82
191,Boa Vista,BR,2020-04-06 21:21:47,2.82,-60.67,78.8,88,75,4.7
192,Karaidel,RU,2020-04-06 21:25:51,55.83,56.91,28.53,92,99,9.24
193,Kapoeta,SS,2020-04-06 21:25:07,4.77,33.59,84.97,31,14,7.92
194,Port Blair,IN,2020-04-06 21:25:51,11.67,92.75,81.72,73,94,4.72
195,Isoka,ZM,2020-04-06 21:25:52,-10.16,32.63,63.91,65,86,1.1
196,Riyadh,SA,2020-04-06 21:24:28,24.69,46.72,82.4,24,41,4.7
197,La Palma,US,2020-04-06 21:25:52,33.85,-118.05,62.6,67,90,1.9
198,Stolin,BY,2020-04-06 21:25:52,51.89,26.85,43.57,56,0,4.25
199,Constitucion,CL,2020-04-06 21:15:59,-35.33,-72.42,64.71,39,0,15.35
200,Santa Barbara,US,2020-04-06 21:22:16,34.42,-119.7,64.4,63,90,4.7
201,Teguise,ES,2020-04-06 21:25:52,29.06,-13.56,69.8,73,20,8.05
202,Tocopilla,CL,2020-04-06 21:25:52,-22.09,-70.2,81.03,40,7,7.43
203,Ugoofaaru,MV,2020-04-06 21:15:54,5.67,73.0,84.92,59,3,3.58
204,Valparaiso,CL,2020-04-06 21:21:30,-33.04,-71.63,73.4,38,0,5.82
205,Atasu,KZ,2020-04-06 21:25:53,48.68,71.64,45.18,59,100,10.29
206,Coquimbo,CL,2020-04-06 21:24:47,-29.95,-71.34,68.0,68,11,10.29
207,Nizhniy Odes,RU,2020-04-06 21:25:53,63.64,54.86,19.51,95,98,7.18
208,Diffa,NE,2020-04-06 21:25:53,13.32,12.61,89.96,11,99,6.08
209,Qaanaaq,GL,2020-04-06 21:25:53,77.48,-69.36,8.8,75,0,2.37
210,Manama,BH,2020-04-06 21:22:25,26.22,50.58,78.8,27,2,3.36
211,Halifax,CA,2020-04-06 21:14:35,44.65,-63.57,53.6,22,20,20.8
212,Nuqui,CO,2020-04-06 21:25:53,5.71,-77.27,71.6,78,75,9.17
213,Huarmey,PE,2020-04-06 21:25:53,-10.07,-78.15,79.25,62,15,9.22
214,Taltal,CL,2020-04-06 21:25:54,-25.4,-70.48,71.58,61,9,3.87
215,Dvinskoy,RU,2020-04-06 21:25:54,62.15,45.12,23.92,95,0,6.85
216,Pinar Del Rio,CU,2020-04-06 21:25:54,22.42,-83.7,86.58,53,56,2.06
217,Chipinge,ZW,2020-04-06 21:25:54,-20.19,32.62,65.71,41,0,3.02
218,El Tocuyo,VE,2020-04-06 21:25:54,9.79,-69.79,78.8,57,78,11.41
219,Salamiyah,SY,2020-04-06 21:24:43,35.01,37.05,53.55,76,99,7.31
220,Domoni,KM,2020-04-06 21:25:54,-12.26,44.53,82.78,71,1,7.85
221,Wankaner,IN,2020-04-06 21:25:55,22.62,70.93,77.9,51,29,12.08
222,Kangaatsiaq,GL,2020-04-06 21:25:55,68.31,-53.46,15.91,82,90,7.9
223,Ekpoma,NG,2020-04-06 21:25:51,6.74,6.14,77.88,77,91,5.53
224,Qaqortoq,GL,2020-04-06 21:25:55,60.72,-46.03,28.4,33,0,3.36
225,Antofagasta,CL,2020-04-06 21:25:55,-23.65,-70.4,68.0,72,32,12.75
226,Grindavik,IS,2020-04-06 21:25:55,63.84,-22.43,33.8,64,75,28.86
227,Geraldton,AU,2020-04-06 21:25:23,-28.77,114.6,60.8,87,1,6.93
228,Shenkursk,RU,2020-04-06 21:25:55,62.11,42.9,24.57,91,0,6.11
229,Pafos,CY,2020-04-06 21:25:55,34.77,32.42,60.8,87,20,3.36
230,Ibanda,TZ,2020-04-06 21:25:56,-2.8,32.47,69.8,94,75,0.98
231,Sao Filipe,CV,2020-04-06 21:25:56,14.9,-24.5,73.29,73,0,13.73
232,Same,TZ,2020-04-06 21:25:56,-4.07,37.73,70.81,72,79,4.76
233,Bisho,ZA,2020-04-06 21:25:56,-32.85,27.44,54.97,60,78,12.75
234,Keti Bandar,PK,2020-04-06 21:25:56,24.14,67.45,76.5,77,11,9.22
235,Aguimes,ES,2020-04-06 21:25:56,27.91,-15.45,69.8,73,20,16.11
236,Garhi Yasin,PK,2020-04-06 21:25:56,27.91,68.51,75.2,60,11,7.9
237,Melioratorov,RU,2020-04-06 21:25:56,57.21,65.61,28.4,92,90,17.9
238,Saint George,US,2020-04-06 21:24:41,37.1,-113.58,64.99,31,40,13.87
239,Havre-Saint-Pierre,CA,2020-04-06 21:25:57,50.23,-63.6,32.0,92,75,13.87
240,Gogrial,SS,2020-04-06 21:25:57,8.53,28.1,86.95,34,85,5.37
241,Ponta Delgada,PT,2020-04-06 21:25:57,37.73,-25.67,62.6,100,75,10.29
242,Diego De Almagro,CL,2020-04-06 21:25:57,-26.37,-70.05,82.71,19,0,9.73
243,Lerwick,GB,2020-04-06 21:25:58,60.15,-1.15,46.4,75,59,20.8
244,Harper,LR,2020-04-06 21:25:58,4.38,-7.72,82.22,83,7,6.85
245,Matiri,TZ,2020-04-06 21:25:58,-10.75,34.9,62.89,68,21,1.74
246,Quelimane,MZ,2020-04-06 21:25:58,-17.88,36.89,78.8,88,20,8.05
247,Alta Gracia,AR,2020-04-06 21:25:58,-31.65,-64.43,68.0,36,0,6.93
248,Majholi,IN,2020-04-06 21:25:58,23.5,79.92,79.95,22,30,0.85
249,Sakakah,SA,2020-04-06 21:21:56,29.97,40.21,77.0,17,100,17.22
250,Puri,IN,2020-04-06 21:25:58,19.8,85.85,80.6,88,20,8.05
251,Kankan,GN,2020-04-06 21:25:59,10.39,-9.31,83.44,52,42,8.88
252,Barreirinha,BR,2020-04-06 21:25:59,-2.79,-57.07,81.73,91,100,1.97
253,Virginia Beach,US,2020-04-06 21:22:36,36.85,-75.98,71.6,59,1,8.05
254,Caravelas,BR,2020-04-06 21:25:59,-17.71,-39.25,78.44,73,32,9.93
255,Terme,TR,2020-04-06 21:25:59,41.21,36.97,46.4,65,40,19.46
256,Niamey,NE,2020-04-06 21:25:59,13.51,2.11,98.6,6,0,1.12
257,Ullapool,GB,2020-04-06 21:25:59,57.9,-5.16,45.0,73,3,8.01
258,Sembe,CG,2020-04-06 21:25:59,1.65,14.58,72.27,81,97,1.19
259,Russkaya Polyana,UA,2020-04-06 21:26:00,49.42,31.92,44.19,55,0,1.52
260,Benguela,AO,2020-04-06 21:26:00,-12.58,13.41,78.76,83,59,1.16
261,Livingstonia,MW,2020-04-06 21:26:00,-10.61,34.11,64.09,59,42,1.32
262,Yershov,RU,2020-04-06 21:26:00,51.35,48.28,32.02,81,98,17.52
263,San Cristobal,VE,2020-04-06 21:26:00,7.77,-72.22,87.8,58,40,8.05
264,Menongue,AO,2020-04-06 21:26:00,-14.66,17.69,63.64,59,0,1.68
265,Namibe,AO,2020-04-06 21:26:00,-15.2,12.15,74.3,61,0,8.23
266,Kandalaksha,RU,2020-04-06 21:26:00,67.16,32.41,25.57,93,96,6.46
267,Wum,CM,2020-04-06 21:22:56,6.38,10.07,68.61,65,97,2.15
268,The Valley,AI,2020-04-06 21:16:11,18.22,-63.06,87.8,66,20,6.93
269,Iskar,BG,2020-04-06 21:26:01,43.45,24.27,39.2,69,5,4.7
270,San Juan De La Maguana,DO,2020-04-06 21:26:01,18.81,-71.23,84.78,43,60,3.29
271,Abay,KZ,2020-04-06 21:26:01,49.63,72.85,37.4,93,100,8.95
272,Cairo Montenotte,IT,2020-04-06 21:26:01,44.4,8.27,64.4,62,0,4.7
273,Hata,IN,2020-04-06 21:26:01,26.75,83.74,77.99,20,0,9.42
274,Dinguiraye,GN,2020-04-06 21:26:02,11.3,-10.72,85.77,17,0,1.79
275,Axams,AT,2020-04-06 21:26:02,47.21,11.29,50.0,46,1,3.36
276,Olinda,BR,2020-04-06 21:26:02,-8.01,-34.86,84.2,74,40,9.17
277,Asfi,MA,2020-04-06 21:26:02,32.3,-9.24,64.17,80,24,11.23
278,Manadhoo,MV,2020-04-06 21:26:02,5.77,73.38,84.92,60,6,3.6
279,Cayenne,GF,2020-04-06 21:26:02,4.93,-52.33,82.4,78,75,8.05
280,Minudasht,IR,2020-04-06 21:26:03,37.23,55.37,53.6,100,90,9.17
281,Keuruu,FI,2020-04-06 21:26:03,62.27,24.7,37.99,93,95,9.17
282,Kannangad,IN,2020-04-06 21:26:03,12.31,75.11,80.17,81,31,3.6
283,Camacha,PT,2020-04-06 21:26:03,33.08,-16.33,68.0,88,20,9.17
284,Kurkino,RU,2020-04-06 21:26:03,53.43,38.66,30.88,82,70,6.82
285,Iqaluit,CA,2020-04-06 21:26:03,63.75,-68.51,3.2,65,20,26.4
286,Tazmalt,DZ,2020-04-06 21:26:03,36.39,4.4,55.4,82,40,4.7
287,Urumqi,CN,2020-04-06 21:16:09,43.8,87.6,57.2,20,100,11.18
288,Hvolsvollur,IS,2020-04-06 21:26:04,63.75,-20.22,32.0,79,100,18.99
289,Bardiyah,LY,2020-04-06 21:26:04,31.76,25.09,59.43,65,0,7.27
290,Lapeer,US,2020-04-06 21:26:04,43.05,-83.32,61.0,26,75,4.7
291,Maridi,SS,2020-04-06 21:21:14,4.92,29.47,73.94,56,85,1.86
292,Sinnamary,GF,2020-04-06 21:26:04,5.38,-52.95,81.52,78,15,14.67
293,Rio Gallegos,AR,2020-04-06 21:24:17,-51.62,-69.22,57.2,35,75,10.29
294,Korla,CN,2020-04-06 21:26:04,41.76,86.15,54.59,26,28,0.89
295,Montes Claros,BR,2020-04-06 21:26:04,-16.73,-43.86,86.0,55,20,4.7
296,Thompson,CA,2020-04-06 21:26:05,55.74,-97.86,24.8,68,75,9.17
297,Alamor,EC,2020-04-06 21:26:05,-4.02,-80.02,87.8,58,75,6.93
298,Taoudenni,ML,2020-04-06 21:26:05,22.68,-3.98,86.11,12,0,13.44
299,Abu Kamal,SY,2020-04-06 21:26:05,34.45,40.92,67.46,40,98,9.57
300,Coihaique,CL,2020-04-06 21:26:05,-45.58,-72.07,53.6,54,40,5.82
301,Trelew,AR,2020-04-06 21:16:17,-43.25,-65.31,60.66,29,0,2.59
302,Orsta,NO,2020-04-06 21:26:05,62.2,6.13,50.0,70,75,14.99
303,Paranaiba,BR,2020-04-06 21:22:28,-19.68,-51.19,82.56,64,28,1.57
304,Nouadhibou,MR,2020-04-06 21:26:06,20.93,-17.03,71.6,64,0,16.11
305,Dublin,US,2020-04-06 21:22:11,37.7,-121.94,55.99,93,90,8.05
306,Shache,CN,2020-04-06 21:26:06,38.42,77.24,55.72,21,0,5.28
307,Carbonia,IT,2020-04-06 21:26:06,39.17,8.52,55.4,76,0,2.24
308,Druzhba,UA,2020-04-06 21:26:06,52.04,33.95,39.74,80,14,6.69
309,Jalu,LY,2020-04-06 21:26:06,29.03,21.55,61.57,45,5,12.39
310,Mecca,SA,2020-04-06 21:14:11,21.43,39.83,80.28,39,2,2.66
311,Plettenberg Bay,ZA,2020-04-06 21:26:07,-34.05,23.37,55.94,72,66,12.88
312,Eyl,SO,2020-04-06 21:23:39,7.98,49.82,80.83,75,1,11.16
313,Tessalit,ML,2020-04-06 21:26:07,20.2,1.01,81.84,11,0,13.24
314,Lagoa,PT,2020-04-06 21:26:07,39.05,-27.98,61.57,90,100,18.63
315,Kavaratti,IN,2020-04-06 21:26:07,10.57,72.64,83.8,73,35,7.23
316,Paramonga,PE,2020-04-06 21:26:07,-10.67,-77.83,76.32,69,28,9.91
317,Tiznit,MA,2020-04-06 21:26:07,29.58,-9.5,63.01,52,0,2.28
318,Paragominas,BR,2020-04-06 21:22:47,-2.97,-47.48,79.75,85,100,3.78
319,Warmbad,NA,2020-04-06 21:26:08,-28.45,18.73,54.95,49,49,13.13
320,Tazovskiy,RU,2020-04-06 21:26:08,67.47,78.7,27.1,98,100,4.45
321,Iralaya,HN,2020-04-06 21:26:08,15.0,-83.23,89.6,70,75,13.87
322,Plouzane,FR,2020-04-06 21:26:08,48.38,-4.62,50.0,87,1,5.82
323,Margate,GB,2020-04-06 21:26:08,51.38,1.39,54.0,66,5,3.36
324,Necochea,AR,2020-04-06 21:26:08,-38.55,-58.74,55.99,67,14,14.0
325,Vyshchetarasivka,UA,2020-04-06 21:26:08,47.57,34.88,45.23,57,0,9.91
326,Rio Grande,BR,2020-04-06 21:24:53,-32.03,-52.1,84.2,45,13,14.99
327,Aksarka,RU,2020-04-06 21:26:09,66.56,67.8,15.98,97,69,5.12
328,Hambantota,LK,2020-04-06 21:26:09,6.12,81.12,79.99,80,30,5.57
329,Humaita,BR,2020-04-06 21:26:09,-7.51,-63.02,81.0,92,100,3.24
330,Chapais,CA,2020-04-06 21:26:09,49.78,-74.85,30.2,50,90,10.29
331,Ventspils,LV,2020-04-06 21:26:09,57.39,21.56,37.4,74,18,14.32
332,Slobozia Bradului,RO,2020-04-06 21:26:09,45.5,27.05,41.0,35,5,6.93
333,Krasnoselkup,RU,2020-04-06 21:26:09,65.7,82.47,31.53,98,100,6.76
334,Oudtshoorn,ZA,2020-04-06 21:26:09,-33.59,22.2,53.6,71,75,16.11
335,Leh,IN,2020-04-06 21:16:19,34.17,77.58,17.65,28,74,4.72
336,Qunduz,AF,2020-04-06 21:26:10,36.73,68.86,56.75,63,99,2.26
337,Mehamn,NO,2020-04-06 21:26:10,71.04,27.85,30.2,79,20,19.46
338,Letlhakeng,BW,2020-04-06 21:26:10,-24.09,25.03,69.87,26,10,1.7
339,Oum Hadjer,TD,2020-04-06 21:26:10,13.3,19.7,84.76,11,0,3.44
340,Myskhako,RU,2020-04-06 21:26:10,44.67,37.74,39.0,51,0,11.18
341,Arlit,NE,2020-04-06 21:26:10,18.74,7.39,90.09,8,0,10.16
342,Aqtobe,KZ,2020-04-06 21:26:10,50.28,57.21,30.2,74,100,15.66
343,Kautokeino,NO,2020-04-06 21:26:11,69.01,23.04,32.74,83,99,18.12
344,Leshukonskoye,RU,2020-04-06 21:26:11,64.9,45.76,20.95,97,90,5.99
345,Camana,PE,2020-04-06 21:26:11,-16.62,-72.71,75.87,69,39,7.81
346,Ati,TD,2020-04-06 21:26:11,13.22,18.34,93.09,9,0,8.41
347,Saint-Augustin,CA,2020-04-06 21:26:11,51.23,-58.65,31.69,98,100,10.92
348,Polunochnoye,RU,2020-04-06 21:26:11,60.87,60.42,21.43,92,0,8.3
349,Booue,GA,2020-04-06 21:26:11,-0.09,11.94,74.98,85,100,1.25
350,Minab,IR,2020-04-06 21:26:11,27.15,57.08,75.2,83,0,4.7
351,Ebolowa,CM,2020-04-06 21:23:15,2.9,11.15,71.8,80,99,2.1
352,Burton,US,2020-04-06 21:26:12,43.0,-83.62,62.01,18,75,5.82
353,Galle,LK,2020-04-06 21:26:12,6.04,80.22,79.97,76,13,2.33
354,Atocha,BO,2020-04-06 21:26:12,-20.93,-66.23,59.56,10,18,4.72
355,Yarmouth,US,2020-04-06 21:26:12,41.71,-70.23,57.0,57,1,9.17
356,Salinopolis,BR,2020-04-06 21:26:12,-0.61,-47.36,82.45,86,100,12.91
357,Tabou,CI,2020-04-06 21:26:12,4.42,-7.35,81.72,85,9,6.2
358,Zhanaozen,KZ,2020-04-06 21:26:13,43.3,52.8,39.06,61,42,18.59
359,Finsterwalde,DE,2020-04-06 21:26:13,51.63,13.72,57.2,69,0,2.24
360,Muscle Shoals,US,2020-04-06 21:24:14,34.74,-87.67,82.0,39,75,4.7
361,Lusambo,CD,2020-04-06 21:26:13,-4.97,23.45,71.35,76,27,1.72
362,Tambopata,PE,2020-04-06 21:24:23,-12.73,-69.18,90.97,53,67,2.13
363,San Juan,AR,2020-04-06 21:23:56,-31.54,-68.54,69.57,23,23,9.1
364,Shediac,CA,2020-04-06 21:26:13,46.22,-64.54,46.99,28,40,23.04
365,Port Said,EG,2020-04-06 21:26:13,31.26,32.28,62.6,77,16,6.93
366,Luau,AO,2020-04-06 21:26:14,-10.71,22.22,66.58,68,100,0.65
367,Alta Floresta,BR,2020-04-06 21:26:14,-9.88,-56.09,89.6,66,93,5.82
368,Zavyalovo,RU,2020-04-06 21:26:14,54.51,82.45,39.2,86,90,6.71
369,Nuuk,GL,2020-04-06 21:24:55,64.18,-51.72,26.6,58,94,5.82
370,Pontes E Lacerda,BR,2020-04-06 21:26:14,-15.23,-59.34,79.43,80,83,0.83
371,Glotovka,RU,2020-04-06 21:26:14,53.95,46.7,26.6,87,22,12.24
372,Mamallapuram,IN,2020-04-06 21:26:14,12.63,80.17,84.2,83,40,5.39
373,Korneuburg,AT,2020-04-06 21:22:10,48.35,16.33,57.2,26,5,16.11
374,Buchanan,LR,2020-04-06 21:26:14,5.88,-10.05,77.0,88,75,4.07
375,Nauta,PE,2020-04-06 21:26:15,-4.51,-73.58,89.6,61,99,1.39
376,Shahr-E Kord,IR,2020-04-06 21:22:30,32.33,50.86,44.6,52,100,4.7
377,Nayagarh,IN,2020-04-06 21:26:15,20.13,85.1,78.17,56,0,2.75
378,Pianoro,IT,2020-04-06 21:26:15,44.39,11.34,55.99,54,0,3.36
379,Den Helder,NL,2020-04-06 21:26:15,52.96,4.76,53.01,93,40,6.93
380,Acarau,BR,2020-04-06 21:26:15,-2.89,-40.12,79.74,87,99,6.06
381,Lixourion,GR,2020-04-06 21:26:15,38.2,20.43,48.0,72,86,3.0
382,Marsabit,KE,2020-04-06 21:26:15,2.33,37.99,72.18,49,78,11.65
383,Jonkoping,SE,2020-04-06 21:26:16,57.78,14.16,46.4,69,1,8.05
384,Tucurui,BR,2020-04-06 21:26:16,-3.77,-49.67,81.14,91,100,1.97
385,Saint-Francois,FR,2020-04-06 21:26:16,46.42,3.91,53.6,50,9,3.36
386,Bayan,CN,2020-04-06 21:26:16,46.08,127.4,37.0,33,7,10.6
387,Stromness,GB,2020-04-06 21:26:16,58.97,-3.3,44.01,81,95,12.75
388,Inhambane,MZ,2020-04-06 21:26:16,-23.86,35.38,78.39,79,0,13.53
389,Karla,EE,2020-04-06 21:26:16,59.37,24.93,44.01,70,18,5.82
390,Piterka,RU,2020-04-06 21:26:17,50.68,47.45,31.93,82,25,17.87
391,Cabedelo,BR,2020-04-06 21:26:17,-6.98,-34.83,82.4,83,20,9.17
392,Le Port,RE,2020-04-06 21:26:17,-20.94,55.29,77.0,65,75,18.34
393,Berkovica,BA,2020-04-06 21:26:17,44.62,18.43,43.0,57,0,7.29
394,Sukhaya Buyvola,RU,2020-04-06 21:26:17,45.15,43.0,37.0,31,0,6.71
395,San Andres,CO,2020-04-06 21:26:17,12.58,-81.7,87.8,66,20,11.41
396,Aksu,CN,2020-04-06 21:26:17,41.12,80.26,56.28,23,57,1.61
397,Papayal,PE,2020-04-06 21:26:17,-4.08,-80.74,82.45,56,29,5.59
398,Dano,BF,2020-04-06 21:26:18,11.15,-3.07,90.61,28,59,8.93
399,Shambu,ET,2020-04-06 21:26:18,9.57,37.1,60.17,22,68,3.71
400,Barra Patuca,HN,2020-04-06 21:26:18,15.8,-84.28,84.65,64,0,12.86
401,Urengoy,RU,2020-04-06 21:24:54,65.97,78.37,31.64,97,100,5.61
402,Caiaponia,BR,2020-04-06 21:26:18,-16.96,-51.81,78.67,67,83,3.18
403,Zhadovka,RU,2020-04-06 21:26:18,53.57,46.95,27.95,87,4,13.56
404,Birin,NP,2020-04-06 21:26:18,26.89,88.07,56.17,21,0,4.41
405,Arica,CL,2020-04-06 21:26:19,-18.48,-70.3,73.4,69,10,10.29
406,Laharpur,IN,2020-04-06 21:26:19,27.72,80.9,75.09,22,0,8.19
407,Mugumu,TZ,2020-04-06 21:26:19,-1.85,34.7,61.47,61,53,1.7
408,Abha,SA,2020-04-06 21:26:19,18.22,42.51,66.2,63,19,3.96
409,Saint-Georges,GD,2020-04-06 21:23:10,12.06,-61.75,82.4,78,20,19.46
410,Isiro,CD,2020-04-06 21:26:19,2.77,27.62,68.56,78,100,1.01
411,Lokosovo,RU,2020-04-06 21:26:19,61.13,74.82,35.15,92,96,10.11
412,Derzhavinsk,KZ,2020-04-06 21:26:19,51.1,66.32,42.98,71,100,13.0
413,Campo Verde,BR,2020-04-06 21:26:20,-20.42,-54.07,84.2,66,40,8.05
414,Visby,SE,2020-04-06 21:23:36,57.64,18.3,46.99,60,80,10.29
415,Mvomero,TZ,2020-04-06 21:26:20,-6.25,38.67,80.6,83,20,2.15
416,Laguna,US,2020-04-06 21:26:20,38.42,-121.42,59.0,58,90,3.36
417,Severnoye,RU,2020-04-06 21:26:20,56.35,78.36,34.39,94,99,5.93
418,Ribas Do Rio Pardo,BR,2020-04-06 21:26:20,-20.44,-53.76,83.25,62,44,6.42
419,Kalamb,IN,2020-04-06 21:26:20,19.05,73.95,75.69,43,14,3.89
420,Mantua,IT,2020-04-06 21:26:21,45.17,10.78,57.2,53,0,6.93
421,Baijiantan,CN,2020-04-06 21:26:21,45.63,85.18,60.26,40,73,6.73
422,Chilca,PE,2020-04-06 21:26:21,-12.52,-76.74,75.2,78,20,9.17
423,Briancon,FR,2020-04-06 21:26:21,44.9,6.65,55.99,51,0,1.77
424,Angoche,MZ,2020-04-06 21:26:21,-16.23,39.91,76.15,86,0,7.23
425,Dharchula,IN,2020-04-06 21:26:21,29.85,80.53,54.05,23,0,8.19
426,Adre,TD,2020-04-06 21:26:22,13.47,22.2,80.2,10,0,9.86
427,Raga,SS,2020-04-06 21:26:22,8.46,25.68,81.18,26,64,0.98
428,Erdemli,TR,2020-04-06 21:26:22,36.6,34.31,60.89,75,56,1.66
429,Najran,SA,2020-04-06 21:26:22,17.49,44.13,77.0,27,20,4.5
430,Kariapatti,IN,2020-04-06 21:26:22,9.68,78.1,80.6,78,20,5.26
431,Imatra,FI,2020-04-06 21:26:22,61.17,28.75,34.0,94,90,5.82
432,Buraydah,SA,2020-04-06 21:24:57,26.33,43.98,78.8,65,75,16.11
433,Bangassou,CF,2020-04-06 21:26:22,4.74,22.82,72.1,72,38,2.08
434,Topola,RS,2020-04-06 21:26:23,44.25,20.68,46.4,38,0,1.12
435,Puerto Ayacucho,VE,2020-04-06 21:26:23,5.66,-67.62,93.2,46,40,2.24
436,Jibuti,DJ,2020-04-06 21:26:23,11.5,42.5,82.4,78,40,6.93
437,Grabouw,ZA,2020-04-06 21:26:23,-34.15,19.02,55.99,66,75,5.82
438,Bijar,IR,2020-04-06 21:26:23,35.87,47.61,51.01,39,100,8.59
439,Hickory,US,2020-04-06 21:26:23,35.73,-81.34,82.4,33,75,3.36
440,Tamandare,BR,2020-04-06 21:26:23,-8.76,-35.1,81.55,78,11,8.68
441,Chotila,IN,2020-04-06 21:26:23,22.42,71.18,77.72,46,14,12.8
442,Lingen,DE,2020-04-06 21:26:24,52.52,7.32,57.99,58,4,4.7
443,Bowmore,US,2020-04-06 21:26:24,34.94,-79.3,84.2,32,20,9.17
444,Mirpur Sakro,PK,2020-04-06 21:24:03,24.55,67.63,77.0,73,5,5.82
445,Bousso,TD,2020-04-06 21:26:24,10.48,16.71,90.55,26,23,6.35
446,Marsh Harbour,BS,2020-04-06 21:26:24,26.54,-77.06,71.56,70,100,12.28
447,Montepuez,MZ,2020-04-06 21:26:24,-13.13,39.0,68.56,86,35,3.91
448,Kilindoni,TZ,2020-04-06 21:26:24,-7.91,39.67,83.71,67,54,6.78
449,Angol,CL,2020-04-06 21:26:24,-37.8,-72.72,69.8,30,0,12.75
450,Dambulla,LK,2020-04-06 21:26:25,7.86,80.65,74.5,89,34,1.14
451,Puerto Ayora,EC,2020-04-06 21:22:23,-0.74,-90.35,86.0,70,20,12.75
452,Kabelvag,NO,2020-04-06 21:26:25,68.21,14.48,41.0,68,100,3.0
453,Windsor,CA,2020-04-06 21:23:32,42.3,-83.02,60.8,22,75,6.93
454,Bubaque,GW,2020-04-06 21:25:22,11.28,-15.83,79.0,72,0,16.33
455,Kotelnikovo,RU,2020-04-06 21:26:25,47.63,43.15,35.89,70,6,7.81
456,Cambuquira,BR,2020-04-06 21:26:25,-21.85,-45.3,69.66,69,32,2.1
457,Mbekenyera,TZ,2020-04-06 21:26:25,-10.0,38.98,70.27,85,62,3.02
458,Mega,ET,2020-04-06 21:26:26,4.05,38.3,62.55,51,25,9.31
459,Tres Arroyos,AR,2020-04-06 21:26:26,-38.37,-60.28,55.8,50,45,15.46
460,Presidencia Roque Saenz Pena,AR,2020-04-06 21:26:26,-26.79,-60.44,80.2,53,30,7.05
461,Bud,US,2020-04-06 21:26:26,39.45,-86.18,72.0,55,75,3.36
462,Talara,PE,2020-04-06 21:26:26,-4.58,-81.27,81.14,60,10,14.14
463,Nyborg,DK,2020-04-06 21:26:26,55.31,10.79,48.2,76,0,2.24
464,Atar,MR,2020-04-06 21:26:27,20.52,-13.05,83.37,15,0,10.54
465,Birao,CF,2020-04-06 21:26:27,10.28,22.79,83.93,12,0,4.38
466,Omboue,GA,2020-04-06 21:26:27,-1.57,9.26,75.47,92,100,10.22
467,Paamiut,GL,2020-04-06 21:26:27,61.99,-49.67,22.08,92,21,7.25
468,Piacabucu,BR,2020-04-06 21:26:27,-10.41,-36.43,81.16,81,17,7.74
469,Raudeberg,NO,2020-04-06 21:26:27,61.99,5.14,48.2,93,75,20.8
470,Marquette,US,2020-04-06 21:26:28,46.53,-87.63,46.99,70,90,5.82
471,Nivala,FI,2020-04-06 21:26:28,63.92,24.97,32.0,89,100,7.0
472,Oxelosund,SE,2020-04-06 21:26:28,58.67,17.1,48.2,70,80,5.82
473,Formosa Do Rio Preto,BR,2020-04-06 21:26:28,-11.05,-45.19,76.86,77,100,2.1
474,Kagadi,UG,2020-04-06 21:24:55,0.96,30.8,68.0,51,65,3.02
475,Maldonado,UY,2020-04-06 21:26:28,-34.67,-54.92,61.0,59,75,20.8
476,Arona,ES,2020-04-06 21:24:31,28.1,-16.68,71.01,82,20,8.05
477,Aswan,EG,2020-04-06 21:26:29,24.09,32.91,81.1,19,0,15.5
478,Kolpashevo,RU,2020-04-06 21:26:29,58.31,82.91,35.78,97,100,4.81
479,Galway,IE,2020-04-06 21:23:45,53.27,-9.05,44.6,81,5,1.12
480,Snasa,NO,2020-04-06 21:26:29,64.25,12.38,32.72,90,62,2.33
481,Malmesbury,ZA,2020-04-06 21:26:29,-33.46,18.73,53.01,66,75,5.82
482,Mogadishu,SO,2020-04-06 21:26:29,2.04,45.34,82.85,75,47,16.53
483,Aleppo,SY,2020-04-06 21:26:29,36.25,37.5,55.13,73,17,12.71
484,Sao Paulo De Olivenca,BR,2020-04-06 21:26:29,-3.38,-68.87,85.17,80,100,1.72
485,Hobyo,SO,2020-04-06 21:26:29,5.35,48.53,82.92,74,59,13.98
486,Bull Savanna,JM,2020-04-06 21:26:30,17.89,-77.59,82.67,59,1,5.41
487,Benghazi,LY,2020-04-06 21:26:30,32.12,20.07,60.73,70,0,10.4
488,Willowmore,ZA,2020-04-06 21:26:30,-33.29,23.49,48.13,54,36,8.93
489,Chissamba,AO,2020-04-06 21:26:30,-12.17,17.33,64.26,61,2,2.04
490,Nioro,GM,2020-04-06 21:26:30,13.35,-15.75,85.42,25,0,9.71
491,Goderich,CA,2020-04-06 21:26:30,43.75,-81.72,53.01,49,100,4.32
492,Perama,GR,2020-04-06 21:26:30,37.98,23.58,52.0,66,75,13.87
493,Novorudnyy,RU,2020-04-06 21:26:30,51.5,58.19,33.8,69,100,13.42
494,Sneek,NL,2020-04-06 21:26:31,53.03,5.66,53.01,100,90,4.7
495,Havelock,US,2020-04-06 21:23:04,34.88,-76.9,71.6,64,20,10.29
496,Aranda De Duero,ES,2020-04-06 21:26:31,41.67,-3.69,51.66,67,100,5.41
497,Abu Samrah,SY,2020-04-06 21:26:31,35.3,37.18,54.95,72,80,8.95
498,Sisimiut,GL,2020-04-06 21:26:31,66.94,-53.67,15.51,85,84,5.99
499,Oktyabrskiy,RU,2020-04-06 21:26:31,54.48,53.47,29.53,89,0,7.31
500,Pozoblanco,ES,2020-04-06 21:25:20,38.38,-4.85,60.8,87,40,4.81
501,Gat,IL,2020-04-06 21:26:31,31.61,34.76,63.0,77,20,6.93
502,Mandla,IN,2020-04-06 21:26:31,22.6,80.38,77.34,29,1,2.39
503,Fulton,US,2020-04-06 21:26:32,33.77,-84.45,84.2,32,40,8.05
504,Santa Marta,CO,2020-04-06 21:25:50,11.24,-74.2,89.6,55,75,18.34
505,Safaga,EG,2020-04-06 21:26:32,26.73,33.94,77.0,31,0,14.99
506,Aktash,RU,2020-04-06 21:26:32,50.3,87.73,22.05,48,0,5.39
507,Odweyne,SO,2020-04-06 21:26:32,9.41,45.06,77.7,35,0,6.38
508,Camopi,GF,2020-04-06 21:26:32,3.17,-52.32,80.83,82,77,4.72
509,Bandipur,NP,2020-04-06 21:26:32,27.93,84.42,59.92,23,0,2.51
510,Oron,NG,2020-04-06 21:26:32,4.83,8.23,81.48,83,71,4.99
511,Panaba,MX,2020-04-06 21:26:33,21.28,-88.27,93.52,41,0,11.32
512,Shablykino,RU,2020-04-06 21:26:33,52.86,35.2,37.87,81,60,7.14
513,Parati,BR,2020-04-06 21:26:33,-23.22,-44.71,87.8,45,20,3.36
514,Kostomuksha,RU,2020-04-06 21:26:33,64.57,30.58,27.7,97,97,10.42
515,Maniitsoq,GL,2020-04-06 21:26:33,65.42,-52.9,20.46,86,89,5.48
516,Cap Malheureux,MU,2020-04-06 21:26:33,-19.98,57.61,78.01,83,40,8.05
517,Monduli,TZ,2020-04-06 21:26:33,-3.3,36.45,66.2,88,75,8.66
518,Quatre Cocos,MU,2020-04-06 21:26:33,-20.21,57.76,78.01,83,40,8.05
519,Teguldet,RU,2020-04-06 21:26:34,57.31,88.17,37.35,92,100,5.73
520,Gouyave,GD,2020-04-06 21:26:34,12.16,-61.73,82.4,78,20,19.46
521,Dharampur,IN,2020-04-06 21:26:34,20.53,73.18,73.96,72,98,3.06
522,Winder,US,2020-04-06 21:26:34,33.99,-83.72,84.2,26,1,3.36
523,Karakol,KG,2020-04-06 21:26:34,42.49,78.39,43.86,28,0,4.74
524,Turukhansk,RU,2020-04-06 21:25:24,65.82,87.98,34.11,97,100,9.93
525,Muisne,EC,2020-04-06 21:26:34,0.6,-80.03,84.2,83,75,6.93
526,Trofors,NO,2020-04-06 21:22:04,65.53,13.41,48.2,88,100,1.12
527,Valdivia,CL,2020-04-06 21:26:35,-39.81,-73.25,62.6,45,1,9.17
528,Vestmannaeyjar,IS,2020-04-06 21:26:35,63.44,-20.27,36.14,77,100,36.28
529,Moshenskoye,RU,2020-04-06 21:26:35,58.51,34.59,27.73,85,8,2.84
530,Guaranda,EC,2020-04-06 21:26:35,-1.6,-79.0,71.6,43,75,17.22
531,Dudinka,RU,2020-04-06 21:26:35,69.41,86.18,32.0,97,90,20.13
532,Cockburn Town,TC,2020-04-06 21:26:35,21.46,-71.14,76.95,67,0,10.56
533,Herveo,CO,2020-04-06 21:26:35,5.08,-75.17,86.0,55,40,6.93
534,Doka,SD,2020-04-06 21:26:24,13.52,35.77,89.51,17,29,5.48
535,Viedma,AR,2020-04-06 21:26:36,-40.81,-63.0,57.99,36,28,11.83
536,Rampur,IN,2020-04-06 21:26:36,28.82,79.03,71.47,29,0,8.81
537,Babina,IN,2020-04-06 21:26:36,25.25,78.47,77.88,19,0,3.49
538,Zelezna Ruda,CZ,2020-04-06 21:26:36,49.14,13.24,57.2,59,0,5.82
539,Opuwo,NA,2020-04-06 21:26:36,-18.06,13.84,73.51,32,54,1.99
540,Juba,SS,2020-04-06 21:26:36,4.85,31.58,84.88,37,73,0.76
541,Nyakahanga,TZ,2020-04-06 21:26:36,-1.6,31.14,60.15,63,51,1.61
542,Marawi,PH,2020-04-06 21:26:29,8.0,124.29,66.38,72,33,2.35
543,Carutapera,BR,2020-04-06 21:26:37,-1.2,-46.02,81.48,86,100,11.12
544,Surgut,RU,2020-04-06 21:26:37,61.25,73.42,37.4,100,90,11.18
545,Iracoubo,GF,2020-04-06 21:26:37,5.48,-53.2,81.27,77,29,13.56
546,Santa Cruz,BO,2020-04-06 21:25:40,-17.8,-63.17,84.2,65,40,11.41
547,Nalut,LY,2020-04-06 21:26:37,30.33,10.85,63.18,22,1,8.39
548,Malindi,KE,2020-04-06 21:26:37,-3.22,40.12,82.09,75,86,7.49
549,Zabid,YE,2020-04-06 21:26:37,14.2,43.32,87.31,42,0,8.23
550,Guaruja,BR,2020-04-06 21:26:37,-23.99,-46.26,82.4,74,29,6.93
551,Maragogi,BR,2020-04-06 21:26:38,-9.01,-35.22,81.0,78,9,8.46
552,Chipoka,MW,2020-04-06 21:26:38,-13.99,34.52,74.66,56,8,3.76
553,Hun,LY,2020-04-06 21:26:38,29.13,15.95,61.09,28,0,9.48
554,Karaton,ID,2020-04-06 21:26:38,-6.34,106.1,77.0,88,40,6.93
555,Nowogard,PL,2020-04-06 21:26:38,53.67,15.12,54.0,69,0,10.29
556,Khorixas,NA,2020-04-06 21:26:38,-20.37,14.97,70.18,25,1,5.91
557,Behbahan,IR,2020-04-06 21:26:38,30.6,50.24,59.0,51,100,4.83
558,Songea,TZ,2020-04-06 21:22:49,-10.68,35.65,71.6,94,75,5.82
559,Muli,MV,2020-04-06 21:26:39,2.92,73.57,84.42,65,54,3.44
560,Hericourt,FR,2020-04-06 21:26:39,47.57,6.76,55.99,61,7,4.7
561,Tashara,RU,2020-04-06 21:26:39,55.52,83.51,36.21,94,100,6.93
562,Orlovskiy,RU,2020-04-06 21:26:39,46.87,42.06,35.96,71,1,5.03
563,Oktyabrskoye,RU,2020-04-06 21:26:39,43.06,44.74,35.22,60,88,2.06
564,Koch Bihar,IN,2020-04-06 21:26:39,26.32,89.43,70.61,25,0,5.41
