City_ID,City,Lat,Lng,Current Conditions,Max Temp,Humidity,Cloudiness,Wind Speed,Rainfall,Snowfall,Country,Date
0,Cape Town,-33.93,18.42,broken clouds,55.99,62,75,3.36,0.0,0.0,ZA,2020-04-07 00:17:45
1,Bredasdorp,-34.53,20.04,light rain,57.0,58,43,12.75,0.25,0.0,ZA,2020-04-07 00:22:32
2,Ushuaia,-54.8,-68.3,broken clouds,50.0,66,75,13.87,0.0,0.0,AR,2020-04-07 00:22:32
3,Hamirpur,25.95,80.15,clear sky,75.9,22,0,2.01,0.0,0.0,IN,2020-04-07 00:22:32
4,Port Alfred,-33.59,26.89,scattered clouds,59.83,59,49,24.81,0.0,0.0,ZA,2020-04-07 00:20:04
5,Jalu,29.03,21.55,clear sky,56.8,59,2,9.69,0.0,0.0,LY,2020-04-07 00:22:33
6,Grasse,43.67,6.92,clear sky,59.0,61,0,5.82,0.0,0.0,FR,2020-04-07 00:21:40
7,Sept-Iles,50.2,-66.38,broken clouds,41.0,52,75,12.75,0.0,0.0,CA,2020-04-07 00:22:33
8,Longyearbyen,78.22,15.64,broken clouds,14.0,78,75,14.99,0.0,0.0,SJ,2020-04-07 00:22:33
9,Plettenberg Bay,-34.05,23.37,broken clouds,54.93,67,72,17.63,0.0,0.0,ZA,2020-04-07 00:22:34
10,Foz,43.57,-7.25,light rain,54.0,1,96,2.66,0.14,0.0,ES,2020-04-07 00:22:35
11,Jamestown,42.1,-79.24,broken clouds,52.0,25,75,8.05,0.0,0.0,US,2020-04-07 00:18:54
12,Najran,17.49,44.13,clear sky,71.6,35,0,2.64,0.0,0.0,SA,2020-04-07 00:22:35
13,Coquimbo,-29.95,-71.34,clear sky,60.8,77,6,2.24,0.0,0.0,CL,2020-04-07 00:18:53
14,Victoria,22.29,114.16,scattered clouds,66.0,77,40,6.93,0.0,0.0,HK,2020-04-07 00:22:33
15,Arraial Do Cabo,-22.97,-42.03,few clouds,77.0,83,11,13.87,0.0,0.0,BR,2020-04-07 00:22:36
16,Cidreira,-30.18,-50.21,light rain,68.67,85,61,10.36,0.23,0.0,BR,2020-04-07 00:22:37
17,Bonito,-21.12,-56.48,light rain,76.14,80,51,3.67,2.04,0.0,BR,2020-04-07 00:18:06
18,Tamara,14.15,-87.33,few clouds,91.0,27,20,9.17,0.0,0.0,HN,2020-04-07 00:22:37
19,Busselton,-33.65,115.33,clear sky,70.0,35,3,16.04,0.0,0.0,AU,2020-04-07 00:22:38
20,Salalah,17.02,54.09,clear sky,77.0,69,0,3.36,0.0,0.0,OM,2020-04-07 00:22:38
21,Hermanus,-34.42,19.23,light rain,57.0,69,55,10.0,0.41,0.0,ZA,2020-04-07 00:22:38
22,Torbay,47.67,-52.73,light shower snow,32.0,80,90,16.11,0.0,0.0,CA,2020-04-07 00:22:38
23,Cascais,38.7,-9.42,light rain,62.6,100,75,6.93,0.0,0.0,PT,2020-04-07 00:22:39
24,Mar Del Plata,-38.0,-57.56,scattered clouds,57.0,76,40,4.7,0.0,0.0,AR,2020-04-07 00:19:49
25,Harbour Breton,47.48,-55.8,light snow,31.69,96,99,19.62,0.0,1.08,CA,2020-04-07 00:22:39
26,Ribeira Grande,38.52,-28.7,overcast clouds,63.39,90,85,15.57,0.0,0.0,PT,2020-04-07 00:22:39
27,Elblag,54.15,19.41,clear sky,53.6,37,0,9.17,0.0,0.0,PL,2020-04-07 00:22:39
28,Punta Arenas,-53.15,-70.92,overcast clouds,51.8,71,100,16.11,0.0,0.0,CL,2020-04-07 00:21:20
29,Abha,18.22,42.51,scattered clouds,62.6,77,29,2.98,0.0,0.0,SA,2020-04-07 00:18:26
30,Tocopilla,-22.09,-70.2,few clouds,73.58,52,15,5.14,0.0,0.0,CL,2020-04-07 00:22:40
31,Sham Churasi,31.5,75.75,scattered clouds,67.64,42,47,4.41,0.0,0.0,IN,2020-04-07 00:22:40
32,East London,-33.02,27.91,broken clouds,62.73,56,76,21.32,0.0,0.0,ZA,2020-04-07 00:22:40
33,Agapia,47.17,26.28,clear sky,39.2,38,0,4.7,0.0,0.0,RO,2020-04-07 00:22:40
34,Bay Roberts,47.6,-53.26,light shower snow,32.0,80,90,16.11,0.0,0.0,CA,2020-04-07 00:22:41
35,Husavik,66.04,-17.34,scattered clouds,35.6,43,40,39.15,0.0,0.0,IS,2020-04-07 00:22:41
36,Ibateguara,-8.97,-35.94,broken clouds,77.0,94,58,2.24,0.0,0.0,BR,2020-04-07 00:22:41
37,Le Port,-20.94,55.29,scattered clouds,77.0,65,40,13.87,0.0,0.0,RE,2020-04-07 00:22:41
38,Stornoway,58.21,-6.39,scattered clouds,44.6,81,27,13.87,0.0,0.0,GB,2020-04-07 00:22:41
39,Kotelnikovo,47.63,43.15,few clouds,34.16,75,18,9.51,0.0,0.0,RU,2020-04-07 00:22:41
40,Manjakandriana,-18.92,47.8,scattered clouds,64.4,93,40,3.36,0.0,0.0,MG,2020-04-07 00:22:41
41,Qaanaaq,77.48,-69.36,clear sky,6.96,75,0,6.38,0.0,0.0,GL,2020-04-07 00:22:42
42,Ponta Delgada,37.73,-25.67,light intensity drizzle,62.6,100,75,5.82,0.0,0.0,PT,2020-04-07 00:22:42
43,Tukrah,32.53,20.58,clear sky,57.07,80,5,8.66,0.0,0.0,LY,2020-04-07 00:22:42
44,Luderitz,-26.65,15.16,clear sky,60.8,67,4,14.99,0.0,0.0,NA,2020-04-07 00:22:42
45,Dikson,73.51,80.55,overcast clouds,1.17,94,91,11.39,0.0,0.0,RU,2020-04-07 00:22:42
46,Sayat,38.78,63.88,scattered clouds,57.2,87,26,6.93,0.0,0.0,TM,2020-04-07 00:22:42
47,Yarensk,62.17,49.09,scattered clouds,19.8,95,30,7.7,0.0,0.0,RU,2020-04-07 00:22:42
48,Clyde River,70.47,-68.59,light snow,12.2,78,1,42.5,0.0,0.0,CA,2020-04-07 00:22:43
49,Lyubymivka,46.81,33.57,clear sky,40.91,62,0,8.19,0.0,0.0,UA,2020-04-07 00:22:43
50,Sao Filipe,14.9,-24.5,clear sky,73.4,71,0,11.92,0.0,0.0,CV,2020-04-07 00:22:43
51,Atar,20.52,-13.05,clear sky,78.55,19,0,9.66,0.0,0.0,MR,2020-04-07 00:22:44
52,Nanortalik,60.14,-45.24,clear sky,26.82,88,0,23.85,0.0,0.0,GL,2020-04-07 00:22:44
53,Danville,36.59,-79.39,clear sky,69.01,60,1,1.21,0.0,0.0,US,2020-04-07 00:22:44
54,Apac,1.98,32.54,broken clouds,67.64,58,82,3.09,0.0,0.0,UG,2020-04-07 00:22:44
55,Havelian,34.05,73.17,thunderstorm,64.99,63,90,13.87,0.0,0.0,PK,2020-04-07 00:22:45
56,Sur,22.57,59.53,clear sky,78.89,55,1,3.31,0.0,0.0,OM,2020-04-07 00:22:46
57,Samarkand,39.65,66.96,scattered clouds,50.0,100,40,2.24,0.0,0.0,UZ,2020-04-07 00:22:46
58,Varoska Rijeka,45.08,16.01,clear sky,38.16,70,0,2.91,0.0,0.0,BA,2020-04-07 00:22:47
59,Alvdal,62.11,10.63,broken clouds,41.0,65,71,8.05,0.0,0.0,NO,2020-04-07 00:22:47
60,Tutoia,-2.76,-42.27,overcast clouds,79.93,86,98,11.3,0.0,0.0,BR,2020-04-07 00:22:47
61,Codrington,-38.27,141.97,overcast clouds,55.76,63,100,5.21,0.0,0.0,AU,2020-04-07 00:22:47
62,Anzio,41.49,12.62,few clouds,55.0,87,24,2.24,0.0,0.0,IT,2020-04-07 00:22:48
63,Hithadhoo,-0.6,73.08,clear sky,83.68,67,8,5.95,0.0,0.0,MV,2020-04-07 00:22:48
64,Tasiilaq,65.61,-37.64,light snow,28.4,100,100,4.79,0.0,0.0,GL,2020-04-07 00:22:48
65,Sayyan,15.17,44.32,clear sky,57.49,23,0,3.24,0.0,0.0,YE,2020-04-07 00:22:49
66,Inhambane,-23.86,35.38,clear sky,77.77,77,0,14.81,0.0,0.0,MZ,2020-04-07 00:22:49
67,Joshimath,30.57,79.57,clear sky,40.91,24,0,7.18,0.0,0.0,IN,2020-04-07 00:22:49
68,Havre-Saint-Pierre,50.23,-63.6,overcast clouds,30.2,68,90,8.05,0.0,0.0,CA,2020-04-07 00:22:49
69,Mahebourg,-20.41,57.7,broken clouds,78.01,78,75,19.46,0.0,0.0,MU,2020-04-07 00:22:50
70,Castro,-24.79,-50.01,moderate rain,62.33,73,90,2.62,11.0,0.0,BR,2020-04-07 00:22:50
71,Gazli,40.13,63.45,scattered clouds,61.12,44,40,12.64,0.0,0.0,UZ,2020-04-07 00:22:50
72,Saint Pete Beach,27.73,-82.74,scattered clouds,79.0,65,40,17.22,0.0,0.0,US,2020-04-07 00:22:50
73,Bernex,46.18,6.08,clear sky,48.0,70,0,1.12,0.0,0.0,CH,2020-04-07 00:22:51
74,Taoudenni,22.68,-3.98,clear sky,82.0,14,0,16.42,0.0,0.0,ML,2020-04-07 00:22:52
75,Dingli,35.86,14.38,clear sky,55.99,82,1,5.82,0.0,0.0,MT,2020-04-07 00:22:52
76,Dilijan,40.74,44.86,light rain,40.28,55,100,5.46,1.13,0.0,AM,2020-04-07 00:22:52
77,Cayenne,4.93,-52.33,broken clouds,80.6,83,75,4.7,0.0,0.0,GF,2020-04-07 00:22:52
78,Hearst,49.68,-83.67,broken clouds,31.33,90,75,3.24,0.0,0.0,CA,2020-04-07 00:22:54
79,Kemijarvi,66.71,27.43,overcast clouds,32.5,90,99,8.14,0.0,0.0,FI,2020-04-07 00:22:54
80,Saint-Philippe,-21.36,55.77,broken clouds,77.0,68,75,9.17,0.0,0.0,RE,2020-04-07 00:22:55
81,Gospic,44.55,15.37,clear sky,39.2,63,0,3.36,0.0,0.0,HR,2020-04-07 00:22:56
82,Goreloye,52.94,41.5,clear sky,29.57,85,0,7.34,0.0,0.0,RU,2020-04-07 00:22:56
83,Tubuala,9.52,-79.03,few clouds,86.0,66,20,3.36,0.0,0.0,PA,2020-04-07 00:22:56
84,Mehamn,71.04,27.85,broken clouds,28.4,79,75,16.11,0.0,0.0,NO,2020-04-07 00:22:56
85,Kangaatsiaq,68.31,-53.46,broken clouds,15.98,82,66,8.66,0.0,0.0,GL,2020-04-07 00:22:56
86,Saint George,37.1,-113.58,clear sky,64.99,31,1,12.75,0.0,0.0,US,2020-04-07 00:22:56
87,Ponta Do Sol,32.67,-17.1,few clouds,66.2,82,20,2.24,0.0,0.0,PT,2020-04-07 00:22:57
88,Salinas,36.68,-121.66,clear sky,55.4,62,1,13.87,0.0,0.0,US,2020-04-07 00:18:35
89,Peniche,39.36,-9.38,mist,62.01,100,75,6.93,0.0,0.0,PT,2020-04-07 00:22:57
90,Camacupa,-12.02,17.48,light rain,61.66,63,2,2.64,0.42,0.0,AO,2020-04-07 00:22:57
91,Scarborough,54.28,-0.4,clear sky,46.99,75,0,2.24,0.0,0.0,GB,2020-04-07 00:18:09
92,Noyabrsk,63.2,75.45,snow,33.33,94,100,18.14,0.0,1.53,RU,2020-04-07 00:19:15
93,Saint Austell,50.34,-4.77,clear sky,48.99,75,6,4.7,0.0,0.0,GB,2020-04-07 00:22:58
94,Dingle,11.0,122.67,clear sky,81.01,70,1,8.12,0.0,0.0,PH,2020-04-07 00:22:58
95,Esna,25.29,32.55,clear sky,75.2,36,0,10.13,0.0,0.0,EG,2020-04-07 00:22:58
96,Upernavik,72.79,-56.15,clear sky,13.84,91,0,15.48,0.0,0.0,GL,2020-04-07 00:22:58
97,Georgetown,5.41,100.34,few clouds,80.6,94,20,2.24,0.0,0.0,MY,2020-04-07 00:19:41
98,Umm Kaddadah,13.6,26.69,clear sky,78.66,12,2,6.46,0.0,0.0,SD,2020-04-07 00:20:54
99,Foggia,41.45,15.53,clear sky,46.4,81,5,3.36,0.0,0.0,IT,2020-04-07 00:22:59
100,San Antonio Del Tachira,7.81,-72.44,haze,84.2,66,40,5.82,0.0,0.0,VE,2020-04-07 00:22:59
101,Chuy,-33.7,-53.46,clear sky,58.06,58,1,16.22,0.0,0.0,UY,2020-04-07 00:22:59
102,Mitsamiouli,-11.38,43.28,scattered clouds,83.91,65,27,5.06,0.0,0.0,KM,2020-04-07 00:22:59
103,Taltal,-25.4,-70.48,clear sky,66.45,72,9,3.58,0.0,0.0,CL,2020-04-07 00:22:59
104,Goderich,43.75,-81.72,overcast clouds,48.0,48,100,2.55,0.0,0.0,CA,2020-04-07 00:21:37
105,Yar-Sale,66.83,70.83,overcast clouds,19.29,97,96,4.81,0.0,0.0,RU,2020-04-07 00:23:00
106,Vardo,70.37,31.11,light snow,30.69,96,99,21.18,0.0,0.17,NO,2020-04-07 00:23:00
107,Tiznit,29.58,-9.5,clear sky,62.94,52,0,1.21,0.0,0.0,MA,2020-04-07 00:23:00
108,Harku,59.13,24.37,few clouds,43.0,64,17,6.93,0.0,0.0,EE,2020-04-07 00:23:01
109,Lagoa,39.05,-27.98,overcast clouds,61.65,95,100,18.97,0.0,0.0,PT,2020-04-07 00:23:01
110,Antofagasta,-23.65,-70.4,scattered clouds,64.4,82,34,6.93,0.0,0.0,CL,2020-04-07 00:23:01
111,Goure,13.98,10.27,clear sky,84.15,12,0,5.26,0.0,0.0,NE,2020-04-07 00:23:01
112,Almendralejo,38.68,-6.41,broken clouds,59.0,100,75,2.24,0.0,0.0,ES,2020-04-07 00:23:02
113,Mamallapuram,12.63,80.17,mist,82.99,88,40,7.14,0.0,0.0,IN,2020-04-07 00:23:02
114,Rauma,61.13,21.51,overcast clouds,39.2,64,91,9.17,0.0,0.0,FI,2020-04-07 00:23:02
115,Ilulissat,69.22,-51.1,broken clouds,10.4,60,63,6.93,0.0,0.0,GL,2020-04-07 00:23:02
116,Port-Cartier,50.03,-66.87,broken clouds,41.0,52,75,12.75,0.0,0.0,CA,2020-04-07 00:23:03
117,Lebu,-37.62,-73.65,clear sky,54.7,66,0,18.34,0.0,0.0,CL,2020-04-07 00:23:03
118,Ciupercenii Noi,43.91,22.95,clear sky,38.91,68,0,5.66,0.0,0.0,RO,2020-04-07 00:23:05
119,Port Elizabeth,-33.92,25.57,scattered clouds,59.0,58,40,23.04,0.0,0.0,ZA,2020-04-07 00:23:06
120,Souillac,-20.52,57.52,broken clouds,78.01,78,75,19.46,0.0,0.0,MU,2020-04-07 00:23:07
121,Maneromango,-7.2,38.78,scattered clouds,69.6,89,40,0.11,0.0,0.0,TZ,2020-04-07 00:23:07
122,Uppsala,60.0,17.75,broken clouds,39.99,73,59,8.05,0.0,0.0,SE,2020-04-07 00:18:46
123,Ciudad Bolivar,8.12,-63.55,overcast clouds,86.61,53,92,13.27,0.0,0.0,VE,2020-04-07 00:23:07
124,Ostrovnoy,68.05,39.51,broken clouds,14.02,93,66,8.08,0.0,0.0,RU,2020-04-07 00:23:08
125,Faya,18.39,42.45,scattered clouds,62.6,77,43,4.21,0.0,0.0,SA,2020-04-07 00:23:08
126,Acarau,-2.89,-40.12,overcast clouds,78.82,88,90,6.31,0.0,0.0,BR,2020-04-07 00:22:31
127,Boa Esperanca,-21.09,-45.57,few clouds,69.39,72,22,0.29,0.0,0.0,BR,2020-04-07 00:23:08
128,Kommunisticheskiy,61.68,64.48,clear sky,21.22,96,0,7.61,0.0,0.0,RU,2020-04-07 00:23:08
129,Guayaramerin,-10.84,-65.36,scattered clouds,80.42,75,25,1.19,0.0,0.0,BO,2020-04-07 00:23:08
130,Carnarvon,-24.87,113.63,clear sky,75.2,78,6,12.75,0.0,0.0,AU,2020-04-07 00:23:09
131,Kholmogory,64.22,41.66,scattered clouds,19.4,79,40,2.24,0.0,0.0,RU,2020-04-07 00:23:09
132,Talcahuano,-36.72,-73.12,clear sky,57.2,62,0,8.05,0.0,0.0,CL,2020-04-07 00:23:09
133,Uusikaupunki,60.8,21.41,overcast clouds,41.0,65,91,9.17,0.0,0.0,FI,2020-04-07 00:23:09
134,Shache,38.42,77.24,clear sky,50.81,26,0,2.48,0.0,0.0,CN,2020-04-07 00:23:09
135,Zhezkazgan,47.8,67.71,overcast clouds,48.85,51,100,15.61,0.0,0.0,KZ,2020-04-07 00:23:10
136,Nalut,30.33,10.85,clear sky,59.29,28,7,9.04,0.0,0.0,LY,2020-04-07 00:23:10
137,Verkhnyaya Inta,65.98,60.31,light snow,16.54,96,100,5.59,0.0,0.62,RU,2020-04-07 00:23:10
138,Akcakoca,41.09,31.12,clear sky,44.73,74,1,9.57,0.0,0.0,TR,2020-04-07 00:23:10
139,Boende,-0.22,20.87,light rain,73.49,87,82,1.21,1.18,0.0,CD,2020-04-07 00:23:10
140,Vila Velha,-20.33,-40.29,broken clouds,78.8,78,75,6.93,0.0,0.0,BR,2020-04-07 00:23:10
141,Rzhev,56.26,34.33,few clouds,30.2,94,22,3.6,0.0,0.0,RU,2020-04-07 00:23:11
142,Druzhba,52.04,33.95,clear sky,37.8,86,8,6.26,0.0,0.0,UA,2020-04-07 00:22:17
143,Port Blair,11.67,92.75,overcast clouds,81.36,75,87,5.48,0.0,0.0,IN,2020-04-07 00:23:11
144,Sabzevar,36.21,57.68,broken clouds,53.89,39,52,0.47,0.0,0.0,IR,2020-04-07 00:18:12
145,Bilma,18.69,12.92,clear sky,84.06,12,0,10.4,0.0,0.0,NE,2020-04-07 00:23:11
146,Rio Gallegos,-51.62,-69.22,broken clouds,51.8,50,82,5.82,0.0,0.0,AR,2020-04-07 00:23:11
147,Hurghada,27.26,33.81,clear sky,71.6,37,0,10.29,0.0,0.0,EG,2020-04-07 00:23:12
148,Pocone,-16.26,-56.62,broken clouds,79.63,78,60,2.53,0.0,0.0,BR,2020-04-07 00:23:12
149,The Valley,18.22,-63.06,scattered clouds,82.0,83,40,8.05,0.0,0.0,AI,2020-04-07 00:18:28
150,Krutikha,53.96,81.21,overcast clouds,35.47,92,99,4.63,0.0,0.0,RU,2020-04-07 00:22:03
151,Hualmay,-11.1,-77.61,clear sky,72.39,79,2,6.42,0.0,0.0,PE,2020-04-07 00:23:12
152,Porkhov,57.77,29.56,broken clouds,30.2,92,67,2.24,0.0,0.0,RU,2020-04-07 00:20:04
153,Ancud,-41.87,-73.82,scattered clouds,42.8,75,47,5.82,0.0,0.0,CL,2020-04-07 00:23:13
154,Salekhard,66.53,66.6,overcast clouds,12.2,94,92,6.06,0.0,0.0,RU,2020-04-07 00:23:13
155,Comodoro Rivadavia,-45.87,-67.5,clear sky,51.8,53,4,6.93,0.0,0.0,AR,2020-04-07 00:19:40
156,Qasigiannguit,68.82,-51.19,broken clouds,10.4,60,69,6.93,0.0,0.0,GL,2020-04-07 00:23:13
157,Kutum,14.2,24.67,clear sky,66.36,12,0,3.58,0.0,0.0,SD,2020-04-07 00:23:14
158,Xuddur,4.12,43.89,few clouds,76.24,64,15,15.57,0.0,0.0,SO,2020-04-07 00:23:14
159,Qusar,41.43,48.43,light snow,32.97,65,100,3.74,0.0,0.18,AZ,2020-04-07 00:23:14
160,Camopi,3.17,-52.32,light rain,76.35,90,82,4.16,0.23,0.0,GF,2020-04-07 00:23:14
161,Quatre Cocos,-20.21,57.76,broken clouds,78.01,78,75,19.46,0.0,0.0,MU,2020-04-07 00:23:14
162,Hofn,64.25,-15.21,light snow,32.34,86,49,25.97,0.0,0.24,IS,2020-04-07 00:23:15
163,Oistins,13.07,-59.53,scattered clouds,80.6,78,40,14.99,0.0,0.0,BB,2020-04-07 00:23:09
164,Dudinka,69.41,86.18,light shower snow,30.2,100,90,20.13,0.0,0.0,RU,2020-04-07 00:23:15
165,Djambala,-2.54,14.75,overcast clouds,70.12,73,93,2.68,0.0,0.0,CG,2020-04-07 00:23:15
166,Puerto Narino,-3.77,-70.38,broken clouds,75.2,100,75,3.36,0.0,0.0,CO,2020-04-07 00:23:15
167,Bonavista,48.65,-53.11,overcast clouds,30.99,87,100,10.0,0.0,0.0,CA,2020-04-07 00:23:16
168,Sao Joao Da Barra,-21.64,-41.05,clear sky,75.31,84,4,12.3,0.0,0.0,BR,2020-04-07 00:23:16
169,Arang,21.2,81.97,few clouds,80.35,27,23,4.12,0.0,0.0,IN,2020-04-07 00:23:16
170,Ghatsila,22.6,86.48,clear sky,77.23,21,0,4.03,0.0,0.0,IN,2020-04-07 00:23:16
171,Kargopol,61.51,38.95,broken clouds,23.34,92,57,4.14,0.0,0.0,RU,2020-04-07 00:23:16
172,Kalakamati,-20.59,27.31,clear sky,65.16,45,4,7.16,0.0,0.0,BW,2020-04-07 00:23:16
173,Gandorhun,7.5,-11.83,scattered clouds,78.73,91,39,2.95,0.0,0.0,SL,2020-04-07 00:23:17
174,Pangnirtung,66.15,-65.71,clear sky,13.08,80,5,6.82,0.0,0.0,CA,2020-04-07 00:23:17
175,Oakley,38.0,-121.71,scattered clouds,55.4,71,40,6.93,0.0,0.0,US,2020-04-07 00:23:17
176,Horta,38.53,-28.63,overcast clouds,63.48,89,88,14.88,0.0,0.0,PT,2020-04-07 00:23:17
177,Pisco,-13.7,-76.22,scattered clouds,73.4,83,40,14.99,0.0,0.0,PE,2020-04-07 00:23:18
178,Ilhabela,-23.78,-45.36,scattered clouds,75.67,83,25,9.35,0.0,0.0,BR,2020-04-07 00:23:18
179,Yangambi,0.81,24.43,light rain,72.3,84,99,0.74,0.49,0.0,CD,2020-04-07 00:23:18
180,Rawson,-43.3,-65.1,clear sky,54.64,42,0,11.86,0.0,0.0,AR,2020-04-07 00:23:18
181,Ornskoldsvik,63.29,18.72,broken clouds,32.0,92,83,4.7,0.0,0.0,SE,2020-04-07 00:23:19
182,Lapeer,43.05,-83.32,broken clouds,55.99,37,75,4.7,0.0,0.0,US,2020-04-07 00:23:19
183,Sorland,67.67,12.69,overcast clouds,41.25,85,100,33.46,0.0,0.0,NO,2020-04-07 00:23:19
184,Saint-Joseph,-21.37,55.62,broken clouds,77.0,68,75,9.17,0.0,0.0,RE,2020-04-07 00:23:19
185,Bafq,31.61,55.41,clear sky,63.99,19,7,1.86,0.0,0.0,IR,2020-04-07 00:23:19
186,Saint-Augustin,51.23,-58.65,light snow,29.14,97,100,6.35,0.0,1.39,CA,2020-04-07 00:23:19
187,Chipurupalle,18.3,83.57,scattered clouds,78.12,80,34,1.79,0.0,0.0,IN,2020-04-07 00:23:19
188,Sesimbra,38.44,-9.1,mist,61.0,100,75,6.93,0.0,0.0,PT,2020-04-07 00:23:20
189,Saint Anthony,45.02,-93.22,overcast clouds,57.2,67,90,10.29,0.0,0.0,US,2020-04-07 00:23:20
190,Shihezi,44.3,86.03,overcast clouds,55.85,32,99,3.94,0.0,0.0,CN,2020-04-07 00:23:20
191,Knysna,-34.04,23.05,broken clouds,51.8,57,63,13.87,0.0,0.0,ZA,2020-04-07 00:23:20
192,Kumluca,36.37,30.29,clear sky,55.26,66,6,4.56,0.0,0.0,TR,2020-04-07 00:23:20
193,Montes Claros,-16.73,-43.86,light rain,77.0,73,18,5.82,0.27,0.0,BR,2020-04-07 00:23:21
194,Ibotirama,-12.19,-43.22,moderate rain,75.49,77,95,3.18,3.35,0.0,BR,2020-04-07 00:23:21
195,Resistencia,-27.46,-58.98,clear sky,73.99,78,2,6.93,0.0,0.0,AR,2020-04-07 00:19:05
196,Vestmannaeyjar,63.44,-20.27,light snow,35.89,77,100,33.76,0.0,1.06,IS,2020-04-07 00:23:21
197,Tazovskiy,67.47,78.7,overcast clouds,24.82,98,98,1.59,0.0,0.0,RU,2020-04-07 00:23:22
198,Tonj,7.27,28.68,scattered clouds,80.71,46,40,4.34,0.0,0.0,SS,2020-04-07 00:23:22
199,Ibanda,-2.8,32.47,broken clouds,65.55,60,56,1.95,0.0,0.0,TZ,2020-04-07 00:23:12
200,Lodwar,3.12,35.6,broken clouds,85.01,41,59,13.67,0.0,0.0,KE,2020-04-07 00:21:25
201,Beaver Dam,43.46,-88.84,overcast clouds,55.4,87,90,5.88,0.0,0.0,US,2020-04-07 00:19:50
202,Vila Franca Do Campo,37.72,-25.43,light intensity drizzle,62.6,100,75,5.82,0.0,0.0,PT,2020-04-07 00:23:22
203,Geraldton,-28.77,114.6,clear sky,66.2,82,4,8.05,0.0,0.0,AU,2020-04-07 00:19:29
204,Tabou,4.42,-7.35,light rain,80.78,87,23,5.01,1.17,0.0,CI,2020-04-07 00:23:23
205,Sharan,54.82,54.0,clear sky,29.68,89,0,11.39,0.0,0.0,RU,2020-04-07 00:23:23
206,Am Timan,11.03,20.28,clear sky,83.98,23,0,3.6,0.0,0.0,TD,2020-04-07 00:23:23
207,Westport,41.14,-73.36,clear sky,61.0,50,1,5.82,0.0,0.0,US,2020-04-07 00:23:23
208,Boyabat,41.47,34.77,clear sky,36.73,67,0,3.15,0.0,0.0,TR,2020-04-07 00:23:23
209,Khorol,49.78,33.28,clear sky,41.92,64,0,4.99,0.0,0.0,UA,2020-04-07 00:23:23
210,Tramore,52.16,-7.15,scattered clouds,45.0,84,39,1.01,0.0,0.0,IE,2020-04-07 00:23:23
211,Itarema,-2.92,-39.92,overcast clouds,79.29,87,86,6.87,0.0,0.0,BR,2020-04-07 00:23:24
212,Lodja,-3.48,23.43,overcast clouds,70.84,84,97,1.61,0.0,0.0,CD,2020-04-07 00:23:24
213,Beyneu,45.32,55.2,few clouds,38.35,75,23,21.41,0.0,0.0,KZ,2020-04-07 00:23:24
214,Troitskiy,57.06,63.75,overcast clouds,28.47,92,100,12.44,0.0,0.0,RU,2020-04-07 00:23:24
215,Saldanha,-33.01,17.94,few clouds,48.2,87,15,12.37,0.0,0.0,ZA,2020-04-07 00:23:24
216,Itiuba,-10.69,-39.85,light rain,76.33,68,34,6.87,0.11,0.0,BR,2020-04-07 00:23:24
217,Bouna,9.27,-3.0,overcast clouds,77.7,62,100,5.06,0.0,0.0,CI,2020-04-07 00:23:25
218,George,-33.96,22.46,scattered clouds,51.8,57,38,13.87,0.0,0.0,ZA,2020-04-07 00:23:25
219,Dolores,-36.31,-57.68,scattered clouds,50.95,57,25,8.55,0.0,0.0,AR,2020-04-07 00:23:25
220,Cap-Chat,49.1,-66.68,light snow,31.03,93,100,13.67,0.0,0.58,CA,2020-04-07 00:23:26
221,Norrtalje,59.76,18.7,scattered clouds,42.01,74,47,8.05,0.0,0.0,SE,2020-04-07 00:23:26
222,Bubaque,11.28,-15.83,clear sky,79.09,71,0,14.56,0.0,0.0,GW,2020-04-07 00:23:27
223,Adrar,20.5,-10.07,clear sky,78.26,15,0,11.01,0.0,0.0,MR,2020-04-07 00:23:28
224,Spring Hill,28.48,-82.53,clear sky,78.01,53,1,5.82,0.0,0.0,US,2020-04-07 00:20:55
225,Beloha,-25.17,45.05,clear sky,71.38,80,1,6.93,0.0,0.0,MG,2020-04-07 00:23:28
226,Kharakvasla,18.43,73.77,scattered clouds,71.76,38,37,1.32,0.0,0.0,IN,2020-04-07 00:23:28
227,Matadi,-5.82,13.45,overcast clouds,78.93,88,98,3.53,0.0,0.0,CD,2020-04-07 00:23:28
228,Cockburn Town,21.46,-71.14,clear sky,76.48,70,0,13.67,0.0,0.0,TC,2020-04-07 00:23:28
229,Czarnkow,52.9,16.56,clear sky,53.01,43,0,9.17,0.0,0.0,PL,2020-04-07 00:23:29
230,Bambous Virieux,-20.34,57.76,broken clouds,78.01,78,75,19.46,0.0,0.0,MU,2020-04-07 00:23:29
231,Cap Malheureux,-19.98,57.61,broken clouds,78.01,78,75,19.46,0.0,0.0,MU,2020-04-07 00:23:29
232,Puerto Leguizamo,-0.19,-74.78,broken clouds,74.64,89,83,2.35,0.0,0.0,CO,2020-04-07 00:23:29
233,Huarmey,-10.07,-78.15,scattered clouds,74.79,73,25,6.76,0.0,0.0,PE,2020-04-07 00:23:29
234,Hambantota,6.12,81.12,scattered clouds,78.76,83,25,4.23,0.0,0.0,LK,2020-04-07 00:23:29
235,Road Town,18.42,-64.62,clear sky,80.6,74,1,10.29,0.0,0.0,VG,2020-04-07 00:23:29
236,Anjar,23.13,70.02,few clouds,76.44,52,13,9.26,0.0,0.0,IN,2020-04-07 00:23:30
237,Terre Haute,39.47,-87.41,overcast clouds,68.0,64,90,3.36,0.0,0.0,US,2020-04-07 00:20:00
238,Klaksvik,62.23,-6.59,few clouds,41.0,75,14,17.22,0.0,0.0,FO,2020-04-07 00:23:30
239,Gazanjyk,39.24,55.52,light rain,47.1,47,99,23.2,0.15,0.0,TM,2020-04-07 00:23:30
240,Bathsheba,13.22,-59.52,scattered clouds,80.6,78,40,14.99,0.0,0.0,BB,2020-04-07 00:23:30
241,Mokrousovo,55.81,66.77,light rain,34.65,90,100,12.93,0.27,0.0,RU,2020-04-07 00:21:06
242,Ugoofaaru,5.67,73.0,few clouds,84.58,59,13,1.86,0.0,0.0,MV,2020-04-07 00:23:31
243,Pondicherry,11.93,79.83,few clouds,80.71,81,13,8.1,0.0,0.0,IN,2020-04-07 00:19:52
244,Laguna,38.42,-121.42,moderate rain,57.0,87,90,5.26,0.0,0.0,US,2020-04-07 00:23:31
245,Santiago Del Estero,-27.8,-64.26,few clouds,68.81,39,17,7.99,0.0,0.0,AR,2020-04-07 00:23:31
246,Kupino,54.37,77.3,few clouds,35.38,91,17,10.29,0.0,0.0,RU,2020-04-07 00:23:32
247,Sarahan,31.52,77.8,clear sky,38.91,26,1,9.08,0.0,0.0,IN,2020-04-07 00:23:32
248,Narsaq,60.92,-46.05,clear sky,24.8,38,9,6.93,0.0,0.0,GL,2020-04-07 00:23:32
249,Lavumisa,-27.31,31.89,scattered clouds,68.0,77,41,2.24,0.0,0.0,SZ,2020-04-07 00:23:32
250,Anloga,5.79,0.9,few clouds,80.6,78,20,5.82,0.0,0.0,GH,2020-04-07 00:23:32
251,Kavaratti,10.57,72.64,broken clouds,83.59,73,62,7.56,0.0,0.0,IN,2020-04-07 00:23:33
252,Kitgum,3.28,32.89,overcast clouds,73.38,41,100,4.68,0.0,0.0,UG,2020-04-07 00:23:33
253,Chitipa,-9.7,33.27,light rain,62.98,64,94,0.94,0.24,0.0,MW,2020-04-07 00:23:33
254,Horizontina,-27.63,-54.31,scattered clouds,60.01,95,34,2.48,0.0,0.0,BR,2020-04-07 00:23:33
255,Oxapampa,-10.58,-75.4,light rain,63.19,52,32,1.41,1.21,0.0,PE,2020-04-07 00:23:33
256,El Bagre,7.59,-74.81,moderate rain,80.19,83,88,0.65,5.08,0.0,CO,2020-04-07 00:23:33
257,Ensley,30.52,-87.27,clear sky,73.4,68,1,6.93,0.0,0.0,US,2020-04-07 00:23:34
258,Shelburne,44.08,-80.2,overcast clouds,57.2,26,90,14.99,0.0,0.0,CA,2020-04-07 00:23:34
259,Paamiut,61.99,-49.67,scattered clouds,19.6,91,41,4.85,0.0,0.0,GL,2020-04-07 00:23:34
260,Skjervoy,70.03,20.97,light rain,38.19,76,100,13.42,0.14,0.0,NO,2020-04-07 00:23:35
261,Sumter,28.71,-82.08,clear sky,75.99,69,1,3.36,0.0,0.0,US,2020-04-07 00:23:35
262,Serenje,-13.23,30.24,scattered clouds,59.92,52,27,0.74,0.0,0.0,ZM,2020-04-07 00:23:35
263,Nieuw Amsterdam,5.88,-55.08,broken clouds,82.0,86,76,1.99,0.0,0.0,SR,2020-04-07 00:23:35
264,Los Llanos De Aridane,28.66,-17.92,scattered clouds,66.2,77,27,5.82,0.0,0.0,ES,2020-04-07 00:23:36
265,Obo,5.4,26.49,few clouds,72.3,69,12,3.6,0.0,0.0,CF,2020-04-07 00:23:36
266,Kennett,36.24,-90.06,clear sky,75.2,60,1,9.17,0.0,0.0,US,2020-04-07 00:23:36
267,Krasnoselkup,65.7,82.47,overcast clouds,29.75,97,99,4.68,0.0,0.0,RU,2020-04-07 00:23:36
268,Rock Sound,24.9,-76.2,broken clouds,73.04,78,59,16.22,0.0,0.0,BS,2020-04-07 00:23:36
269,Virginia Beach,36.85,-75.98,broken clouds,62.01,81,75,4.7,0.0,0.0,US,2020-04-07 00:23:37
270,Matara,5.95,80.54,clear sky,76.73,82,0,1.88,0.0,0.0,LK,2020-04-07 00:23:37
271,Tias,28.96,-13.64,few clouds,68.0,82,20,8.05,0.0,0.0,ES,2020-04-07 00:23:37
272,Pafos,34.77,32.42,few clouds,55.4,87,20,5.82,0.0,0.0,CY,2020-04-07 00:23:38
273,Grand Gaube,-20.01,57.66,broken clouds,78.01,78,75,19.46,0.0,0.0,MU,2020-04-07 00:23:38
274,Sabaudia,41.3,13.03,few clouds,51.01,78,17,4.16,0.0,0.0,IT,2020-04-07 00:23:38
275,Ergani,38.27,39.76,scattered clouds,48.2,81,40,4.7,0.0,0.0,TR,2020-04-07 00:23:38
276,Kruisfontein,-34.0,24.73,overcast clouds,52.92,68,89,18.25,0.0,0.0,ZA,2020-04-07 00:23:39
277,Tabory,58.52,64.55,broken clouds,24.78,95,63,9.71,0.0,0.0,RU,2020-04-07 00:23:39
278,Odienne,9.51,-7.57,overcast clouds,76.82,63,98,6.31,0.0,0.0,CI,2020-04-07 00:23:40
279,Santa Rosa,14.31,121.11,few clouds,87.01,66,20,4.7,0.0,0.0,PH,2020-04-07 00:23:40
280,Kadoma,34.73,135.58,broken clouds,55.0,43,75,1.12,0.0,0.0,JP,2020-04-07 00:23:01
281,Caorle,45.6,12.88,clear sky,57.0,53,0,10.29,0.0,0.0,IT,2020-04-07 00:23:40
282,Abu Zabad,12.35,29.25,clear sky,80.46,13,0,6.93,0.0,0.0,SD,2020-04-07 00:23:40
283,Kulhudhuffushi,6.62,73.07,light rain,84.29,67,4,4.41,0.12,0.0,MV,2020-04-07 00:23:40
284,Thinadhoo,0.53,72.93,few clouds,83.95,68,16,3.24,0.0,0.0,MV,2020-04-07 00:23:40
285,Gobabis,-22.45,18.97,scattered clouds,62.6,77,31,2.24,0.0,0.0,NA,2020-04-07 00:23:41
286,Upington,-28.45,21.26,overcast clouds,57.2,47,87,11.41,0.0,0.0,ZA,2020-04-07 00:21:52
287,Karlskoga,59.33,14.52,scattered clouds,44.01,60,35,5.82,0.0,0.0,SE,2020-04-07 00:23:41
288,Bahia Blanca,-38.72,-62.27,clear sky,53.01,43,1,7.11,0.0,0.0,AR,2020-04-07 00:22:17
289,Yarim,14.3,44.38,clear sky,57.27,28,0,3.2,0.0,0.0,YE,2020-04-07 00:23:42
290,Ventspils,57.39,21.56,broken clouds,39.2,64,58,5.82,0.0,0.0,LV,2020-04-07 00:23:42
291,Benghazi,32.12,20.07,clear sky,59.77,74,0,10.09,0.0,0.0,LY,2020-04-07 00:20:01
292,Mangaluru,12.87,74.88,scattered clouds,80.6,83,40,6.93,0.0,0.0,IN,2020-04-07 00:22:15
293,Chingirlau,51.09,54.08,clear sky,31.28,89,0,11.45,0.0,0.0,KZ,2020-04-07 00:23:43
294,San Andres,12.58,-81.7,few clouds,82.4,78,20,10.29,0.0,0.0,CO,2020-04-07 00:22:23
295,Houma,29.6,-90.72,overcast clouds,75.2,78,90,9.17,0.0,0.0,US,2020-04-07 00:23:43
296,Alexandria,31.22,29.96,scattered clouds,60.8,72,43,9.17,0.0,0.0,EG,2020-04-07 00:20:02
297,Oussouye,12.48,-16.55,clear sky,75.2,88,0,6.93,0.0,0.0,SN,2020-04-07 00:23:44
298,Mananara,-16.17,49.77,light rain,76.64,79,17,3.85,0.11,0.0,MG,2020-04-07 00:23:44
299,Thivai,38.33,23.32,broken clouds,52.0,70,75,13.87,0.0,0.0,GR,2020-04-07 00:23:44
300,Miranda,3.25,-76.23,scattered clouds,80.6,61,40,8.05,0.0,0.0,CO,2020-04-07 00:23:44
301,Kanniyakumari,8.08,77.57,clear sky,82.45,79,5,9.55,0.0,0.0,IN,2020-04-07 00:23:44
302,Isiolo,0.35,37.58,broken clouds,68.72,52,68,1.79,0.0,0.0,KE,2020-04-07 00:22:08
303,Khakhea,-24.69,23.49,clear sky,67.05,22,2,5.73,0.0,0.0,BW,2020-04-07 00:23:44
304,Filingue,14.35,3.32,clear sky,88.32,10,0,6.89,0.0,0.0,NE,2020-04-07 00:23:45
305,Gao,16.64,1.64,clear sky,84.7,10,0,11.45,0.0,0.0,ML,2020-04-07 00:23:45
306,Snasa,64.25,12.38,broken clouds,38.46,78,80,2.55,0.0,0.0,NO,2020-04-07 00:23:46
307,Inta,66.03,60.17,light snow,16.54,96,100,7.45,0.0,0.8,RU,2020-04-07 00:23:46
308,Ambovombe,-25.17,46.08,few clouds,71.6,72,12,5.19,0.0,0.0,MG,2020-04-07 00:23:46
309,Umbertide,43.31,12.34,clear sky,48.0,65,0,10.29,0.0,0.0,IT,2020-04-07 00:23:47
310,Bouar,5.93,15.6,overcast clouds,67.87,71,95,3.74,0.0,0.0,CF,2020-04-07 00:23:47
311,Pitimbu,-7.47,-34.81,few clouds,78.8,94,20,5.82,0.0,0.0,BR,2020-04-07 00:23:47
312,Bandarbeyla,9.49,50.81,clear sky,79.16,68,0,6.98,0.0,0.0,SO,2020-04-07 00:23:47
313,Caravelas,-17.71,-39.25,few clouds,77.27,77,17,8.23,0.0,0.0,BR,2020-04-07 00:23:48
314,Mogadishu,2.04,45.34,scattered clouds,82.22,77,37,16.13,0.0,0.0,SO,2020-04-07 00:23:48
315,Sawakin,19.11,37.33,few clouds,79.39,84,16,10.83,0.0,0.0,SD,2020-04-07 00:23:48
316,Santiago De Cao,-7.96,-79.24,few clouds,74.71,76,22,8.95,0.0,0.0,PE,2020-04-07 00:23:48
317,Umm Lajj,25.02,37.27,clear sky,79.95,48,0,3.94,0.0,0.0,SA,2020-04-07 00:23:48
318,Turukhansk,65.82,87.98,overcast clouds,32.97,97,100,5.44,0.0,0.0,RU,2020-04-07 00:23:48
319,Ormara,25.21,64.64,overcast clouds,77.74,64,91,10.6,0.0,0.0,PK,2020-04-07 00:23:48
320,Namibe,-15.2,12.15,clear sky,74.03,61,0,5.75,0.0,0.0,AO,2020-04-07 00:23:49
321,Duku,11.24,4.91,scattered clouds,89.1,34,34,7.09,0.0,0.0,NG,2020-04-07 00:22:55
322,Omboue,-1.57,9.26,light rain,76.32,85,100,6.22,0.72,0.0,GA,2020-04-07 00:23:49
323,Sarakhs,36.54,61.16,clear sky,51.8,100,0,4.7,0.0,0.0,IR,2020-04-07 00:23:49
324,Hobyo,5.35,48.53,scattered clouds,81.82,77,48,11.36,0.0,0.0,SO,2020-04-07 00:23:49
325,Sakakah,29.97,40.21,clear sky,69.8,21,5,4.7,0.0,0.0,SA,2020-04-07 00:23:50
326,Khandbari,27.37,87.2,clear sky,63.52,21,1,4.9,0.0,0.0,NP,2020-04-07 00:23:50
327,Rushden,52.29,-0.6,clear sky,46.4,81,2,8.05,0.0,0.0,GB,2020-04-07 00:23:51
328,Kemi,65.86,24.82,overcast clouds,32.0,94,100,9.17,0.0,0.0,FI,2020-04-07 00:23:51
329,Puerto Del Rosario,28.5,-13.86,clear sky,68.0,77,0,9.17,0.0,0.0,ES,2020-04-07 00:23:51
330,Ilam,26.92,87.92,clear sky,57.74,22,0,4.99,0.0,0.0,NP,2020-04-07 00:23:51
331,Stratford,41.18,-73.13,clear sky,59.0,50,1,5.82,0.0,0.0,US,2020-04-07 00:23:52
332,Gravdal,68.12,13.5,light rain,41.36,83,100,28.74,0.11,0.0,NO,2020-04-07 00:23:52
333,Aguimes,27.91,-15.45,few clouds,68.0,77,20,16.11,0.0,0.0,ES,2020-04-07 00:23:52
334,Thompson,55.74,-97.86,broken clouds,24.8,68,75,9.17,0.0,0.0,CA,2020-04-07 00:23:52
335,Hattiesburg,31.33,-89.29,clear sky,77.0,53,1,9.17,0.0,0.0,US,2020-04-07 00:23:52
336,Paita,-5.09,-81.11,clear sky,76.82,69,2,14.54,0.0,0.0,PE,2020-04-07 00:23:53
337,Barahona,18.21,-71.1,scattered clouds,78.67,78,43,5.3,0.0,0.0,DO,2020-04-07 00:23:53
338,Teruel,40.67,-0.67,broken clouds,51.8,100,75,5.82,0.0,0.0,ES,2020-04-07 00:23:53
339,Matagami,49.75,-77.63,clear sky,32.0,96,1,4.7,0.0,0.0,CA,2020-04-07 00:23:53
340,Derzhavinsk,51.1,66.32,light rain,42.85,83,100,22.97,2.7,0.0,KZ,2020-04-07 00:23:53
341,Ashtabula,41.7,-80.77,broken clouds,57.99,18,75,4.7,0.0,0.0,US,2020-04-07 00:23:54
342,Olenino,56.21,33.49,scattered clouds,30.51,92,37,0.63,0.0,0.0,RU,2020-04-07 00:23:54
343,Ambilobe,-13.2,49.05,clear sky,72.97,88,9,2.77,0.0,0.0,MG,2020-04-07 00:23:55
344,Bom Jesus,-9.07,-44.36,broken clouds,77.22,77,82,2.26,0.0,0.0,BR,2020-04-07 00:23:55
345,Abu Samrah,35.3,37.18,overcast clouds,53.44,73,90,7.47,0.0,0.0,SY,2020-04-07 00:23:55
346,Morant Bay,17.88,-76.41,few clouds,82.4,83,20,8.05,0.0,0.0,JM,2020-04-07 00:23:56
347,Cabinda,-5.55,12.2,overcast clouds,80.85,87,99,6.06,0.0,0.0,AO,2020-04-07 00:23:56
348,Bani Walid,31.76,13.99,clear sky,55.0,67,0,4.79,0.0,0.0,LY,2020-04-07 00:23:56
349,Guanica,17.97,-66.91,overcast clouds,82.0,75,90,13.87,0.0,0.0,PR,2020-04-07 00:23:56
350,Grindavik,63.84,-22.43,shower rain,32.0,88,75,25.28,0.0,0.0,IS,2020-04-07 00:23:56
351,Madimba,-10.4,40.33,few clouds,78.3,76,13,2.62,0.0,0.0,TZ,2020-04-07 00:23:57
352,Madaras,46.06,19.26,clear sky,44.38,54,0,9.42,0.0,0.0,HU,2020-04-07 00:23:57
353,Viedma,-40.81,-63.0,few clouds,50.31,49,14,4.03,0.0,0.0,AR,2020-04-07 00:20:26
354,Rodrigues Alves,-7.74,-72.65,light rain,77.23,87,79,1.52,0.57,0.0,BR,2020-04-07 00:23:57
355,Santa Cruz,-17.8,-63.17,broken clouds,77.0,83,75,6.93,0.0,0.0,BO,2020-04-07 00:20:37
356,Isiro,2.77,27.62,overcast clouds,67.6,78,99,1.63,0.0,0.0,CD,2020-04-07 00:23:58
357,Kampene,-3.6,26.67,light rain,69.17,82,100,2.21,2.56,0.0,CD,2020-04-07 00:23:58
358,Porosozero,62.72,32.73,light snow,27.73,92,95,9.75,0.0,0.11,RU,2020-04-07 00:23:58
359,Port-Gentil,-0.72,8.78,light rain,80.19,75,100,12.86,1.23,0.0,GA,2020-04-07 00:23:58
360,Itacurubi Del Rosario,-24.5,-56.68,overcast clouds,74.21,77,99,9.22,0.0,0.0,PY,2020-04-07 00:23:58
361,Severnyy,50.68,36.55,broken clouds,42.8,28,67,2.24,0.0,0.0,RU,2020-04-07 00:23:58
362,Henties Bay,-22.12,14.28,clear sky,59.0,91,0,8.55,0.0,0.0,NA,2020-04-07 00:23:59
363,Kasongo-Lunda,-6.47,16.82,light rain,71.4,76,35,1.28,0.4,0.0,CD,2020-04-07 00:23:59
364,Desaguadero,-16.57,-69.04,light rain,51.03,23,26,6.96,0.24,0.0,PE,2020-04-07 00:23:59
365,Praia Da Vitoria,38.73,-27.07,broken clouds,62.6,100,75,18.23,0.0,0.0,PT,2020-04-07 00:23:59
366,Qena,26.16,32.72,clear sky,75.2,36,0,7.52,0.0,0.0,EG,2020-04-07 00:23:59
367,Odweyne,9.41,45.06,clear sky,75.47,37,0,5.44,0.0,0.0,SO,2020-04-07 00:24:00
368,Nara,34.69,135.8,broken clouds,55.0,38,77,1.12,0.0,0.0,JP,2020-04-07 00:24:00
369,Bondo,3.81,23.69,light rain,70.27,79,18,2.06,0.54,0.0,CD,2020-04-07 00:24:00
370,Montepuez,-13.13,39.0,scattered clouds,67.19,86,28,2.89,0.0,0.0,MZ,2020-04-07 00:24:01
371,Lalganj,25.87,85.18,haze,69.8,56,0,2.24,0.0,0.0,IN,2020-04-07 00:24:02
372,Coihaique,-45.58,-72.07,broken clouds,46.4,70,75,3.36,0.0,0.0,CL,2020-04-07 00:24:02
373,Marienburg,54.04,19.03,clear sky,53.6,37,0,9.17,0.0,0.0,PL,2020-04-07 00:24:02
374,Rio Grande,-32.03,-52.1,few clouds,64.17,60,11,25.14,0.0,0.0,BR,2020-04-07 00:20:28
375,Dzhubga,44.32,38.7,clear sky,45.0,53,1,24.83,0.0,0.0,RU,2020-04-07 00:24:02
376,Hamilton,39.18,-84.53,broken clouds,66.99,63,75,3.36,0.0,0.0,US,2020-04-07 00:24:03
377,Keetmanshoop,-26.58,18.13,few clouds,59.0,62,13,10.29,0.0,0.0,NA,2020-04-07 00:24:03
378,Amapa,1.0,-52.0,light rain,75.63,94,100,3.58,0.13,0.0,BR,2020-04-07 00:24:03
379,Copiapo,-27.37,-70.33,broken clouds,60.8,87,75,6.93,0.0,0.0,CL,2020-04-07 00:20:09
380,Athol,42.6,-72.23,clear sky,55.4,49,1,5.82,0.0,0.0,US,2020-04-07 00:24:04
381,Mabaruma,8.2,-59.78,overcast clouds,76.91,84,92,6.98,0.0,0.0,GY,2020-04-07 00:24:04
382,San Cristobal,7.77,-72.22,haze,84.2,66,40,5.82,0.0,0.0,VE,2020-04-07 00:24:05
383,Inongo,-1.95,18.27,light rain,73.81,86,98,2.24,0.25,0.0,CD,2020-04-07 00:24:05
384,Mwinilunga,-11.74,24.43,light rain,63.84,65,100,2.28,1.9,0.0,ZM,2020-04-07 00:24:05
385,Khyriv,49.53,22.85,clear sky,40.26,59,0,4.68,0.0,0.0,UA,2020-04-07 00:24:06
386,Rocha,-34.48,-54.33,light rain,53.53,68,0,10.27,0.12,0.0,UY,2020-04-07 00:24:06
387,Kidal,18.44,1.41,clear sky,80.26,12,0,13.58,0.0,0.0,ML,2020-04-07 00:24:07
388,Kolpny,52.23,37.04,overcast clouds,34.63,82,99,3.29,0.0,0.0,RU,2020-04-07 00:21:03
389,Mtsamboro,-12.7,45.07,few clouds,80.6,83,20,4.7,0.0,0.0,YT,2020-04-07 00:24:07
390,Nioro,13.35,-15.75,clear sky,81.52,24,0,8.66,0.0,0.0,GM,2020-04-07 00:24:08
391,Cuorgne,45.39,7.65,clear sky,54.0,61,0,2.24,0.0,0.0,IT,2020-04-07 00:24:08
392,Ibiapina,-3.92,-40.89,overcast clouds,68.79,81,95,4.0,0.0,0.0,BR,2020-04-07 00:24:08
393,Bengkulu,-3.8,102.27,light rain,77.54,81,96,6.2,0.45,0.0,ID,2020-04-07 00:22:32
394,Batavia,41.85,-88.31,broken clouds,62.6,82,75,4.7,0.0,0.0,US,2020-04-07 00:24:08
395,Klaipeda,55.72,21.12,few clouds,48.2,39,20,10.29,0.0,0.0,LT,2020-04-07 00:24:09
396,Vagur,61.47,-6.81,light rain,44.37,67,18,27.94,0.14,0.0,FO,2020-04-07 00:24:09
397,Warmbad,-28.45,18.73,broken clouds,51.04,57,61,9.73,0.0,0.0,NA,2020-04-07 00:24:09
398,Qandala,11.47,49.87,clear sky,80.78,63,5,1.86,0.0,0.0,SO,2020-04-07 00:24:10
399,Aden,12.78,45.04,clear sky,79.59,73,0,11.48,0.0,0.0,YE,2020-04-07 00:24:10
400,Nizhniy Baskunchak,48.22,46.83,few clouds,33.37,80,11,15.52,0.0,0.0,RU,2020-04-07 00:20:05
401,Llanes,43.42,-4.75,overcast clouds,53.01,97,99,9.98,0.0,0.0,ES,2020-04-07 00:24:10
402,Stolac,43.08,17.96,clear sky,57.2,20,0,12.75,0.0,0.0,BA,2020-04-07 00:24:11
403,Kiruna,67.86,20.23,overcast clouds,28.4,86,100,6.93,0.0,0.0,SE,2020-04-07 00:20:00
404,Balasheyka,53.28,48.09,few clouds,27.64,92,17,16.13,0.0,0.0,RU,2020-04-07 00:24:11
405,Aasiaat,68.71,-52.87,scattered clouds,9.3,83,41,9.26,0.0,0.0,GL,2020-04-07 00:24:11
406,Beitbridge,-22.22,30.0,clear sky,71.4,28,0,3.78,0.0,0.0,ZW,2020-04-07 00:24:11
407,Rio De Janeiro,-22.9,-43.21,clear sky,77.0,83,3,3.36,0.0,0.0,BR,2020-04-07 00:24:12
408,Santarem,-2.44,-54.71,thunderstorm,80.6,94,40,4.7,0.0,0.0,BR,2020-04-07 00:24:12
409,Siparia,10.13,-61.5,few clouds,80.6,78,20,9.17,0.0,0.0,TT,2020-04-07 00:24:12
410,Rio Claro,-22.41,-47.56,scattered clouds,75.2,78,46,1.12,0.0,0.0,BR,2020-04-07 00:24:12
411,Lucapa,-8.42,20.74,light rain,67.77,72,81,1.68,0.35,0.0,AO,2020-04-07 00:24:13
412,Olafsvik,64.89,-23.71,light snow,31.87,94,99,32.1,0.0,0.92,IS,2020-04-07 00:24:14
413,Methoni,36.82,21.7,overcast clouds,53.01,66,93,5.82,0.0,0.0,GR,2020-04-07 00:24:14
414,Asyut,27.18,31.18,clear sky,64.4,55,0,11.41,0.0,0.0,EG,2020-04-07 00:24:14
415,Ziebice,50.6,17.04,clear sky,51.01,33,0,4.0,0.0,0.0,PL,2020-04-07 00:24:14
416,Iqaluit,63.75,-68.51,few clouds,5.0,65,20,20.8,0.0,0.0,CA,2020-04-07 00:24:05
417,Mayachnyy,52.68,55.69,light snow,27.09,95,17,18.72,0.0,0.18,RU,2020-04-07 00:24:15
418,Bonao,18.94,-70.41,scattered clouds,78.8,78,40,4.7,0.0,0.0,DO,2020-04-07 00:24:15
419,Liverpool,53.41,-2.98,clear sky,46.0,81,0,3.36,0.0,0.0,GB,2020-04-07 00:24:15
420,Rusape,-18.53,32.13,clear sky,60.26,59,1,6.42,0.0,0.0,ZW,2020-04-07 00:24:15
421,Tucuman,-26.82,-65.22,overcast clouds,71.6,83,90,6.93,0.0,0.0,AR,2020-04-07 00:21:26
422,Sao Gabriel,-30.34,-54.32,clear sky,65.1,44,7,15.37,0.0,0.0,BR,2020-04-07 00:24:15
423,Windhoek,-22.56,17.08,clear sky,62.01,47,0,5.82,0.0,0.0,NA,2020-04-07 00:24:16
424,Nefteyugansk,61.1,72.6,overcast clouds,37.4,100,90,8.95,0.0,0.0,RU,2020-04-07 00:24:16
425,Nuuk,64.18,-51.72,overcast clouds,21.2,67,96,3.36,0.0,0.0,GL,2020-04-07 00:24:16
426,Porto Santo,33.07,-16.34,broken clouds,66.2,93,75,9.17,0.0,0.0,PT,2020-04-07 00:24:17
427,Baragaon,25.43,82.82,clear sky,75.52,24,0,6.04,0.0,0.0,IN,2020-04-07 00:24:18
428,Santa Cruz Del Sur,20.71,-78.0,few clouds,79.93,72,12,5.37,0.0,0.0,CU,2020-04-07 00:24:18
429,Manta,-0.95,-80.73,broken clouds,78.8,88,75,2.24,0.0,0.0,EC,2020-04-07 00:22:11
430,Cabedelo,-6.98,-34.83,few clouds,78.8,94,20,5.82,0.0,0.0,BR,2020-04-07 00:24:18
431,Murgab,37.5,61.97,mist,53.6,100,40,6.93,0.0,0.0,TM,2020-04-07 00:24:19
432,Elat,29.56,34.95,scattered clouds,68.0,49,31,17.22,0.0,0.0,IL,2020-04-07 00:24:19
433,Waddan,29.16,16.14,clear sky,57.4,33,0,4.99,0.0,0.0,LY,2020-04-07 00:24:19
434,Pangody,65.85,74.49,light snow,28.18,98,99,5.21,0.0,0.47,RU,2020-04-07 00:24:19
435,Puerto Morazan,12.85,-87.17,few clouds,89.6,59,20,4.7,0.0,0.0,NI,2020-04-07 00:24:19
436,Tres Lagoas,-20.75,-51.68,light rain,77.16,73,52,1.5,0.78,0.0,BR,2020-04-07 00:24:19
437,Kudahuvadhoo,2.67,72.89,broken clouds,84.09,65,73,3.69,0.0,0.0,MV,2020-04-07 00:24:20
438,Orodara,10.95,-4.93,broken clouds,79.63,50,57,10.47,0.0,0.0,BF,2020-04-07 00:24:20
439,Chicama,-7.84,-79.15,few clouds,76.03,67,20,7.45,0.0,0.0,PE,2020-04-07 00:24:20
440,Sergeyevka,53.88,67.42,moderate rain,41.13,87,100,12.44,3.37,0.0,KZ,2020-04-07 00:24:20
441,Luau,-10.71,22.22,light rain,64.99,70,98,0.22,0.92,0.0,AO,2020-04-07 00:24:20
442,Sumbe,-11.21,13.84,few clouds,77.18,88,18,2.51,0.0,0.0,AO,2020-04-07 00:24:21
443,Nova Russas,-4.71,-40.56,overcast clouds,74.53,88,98,1.39,0.0,0.0,BR,2020-04-07 00:24:21
444,Honningsvag,70.98,25.97,broken clouds,28.4,79,75,16.11,0.0,0.0,NO,2020-04-07 00:24:21
445,Awbari,26.59,12.78,clear sky,64.27,24,0,10.85,0.0,0.0,LY,2020-04-07 00:24:22
446,Adrasmon,40.65,69.99,scattered clouds,57.2,71,40,20.13,0.0,0.0,TJ,2020-04-07 00:24:22
447,Vila Nova De Milfontes,37.72,-8.78,light rain,60.01,95,62,8.99,0.96,0.0,PT,2020-04-07 00:24:22
448,Chapais,49.78,-74.85,overcast clouds,28.4,58,90,4.7,0.0,0.0,CA,2020-04-07 00:24:22
449,Norwich,52.63,1.3,clear sky,46.99,75,2,3.36,0.0,0.0,GB,2020-04-07 00:24:23
450,Uray,60.12,64.78,broken clouds,23.52,96,72,9.06,0.0,0.0,RU,2020-04-07 00:24:23
451,Carutapera,-1.2,-46.02,light rain,80.69,88,100,10.54,0.26,0.0,BR,2020-04-07 00:24:23
452,Aksarka,66.56,67.8,broken clouds,14.45,96,73,5.3,0.0,0.0,RU,2020-04-07 00:24:24
453,Pavilosta,56.89,21.19,broken clouds,48.2,39,53,9.17,0.0,0.0,LV,2020-04-07 00:24:24
454,Umm Bab,25.21,50.81,clear sky,75.0,40,1,4.68,0.0,0.0,QA,2020-04-07 00:24:24
455,Teya,60.38,92.63,scattered clouds,28.09,94,39,3.4,0.0,0.0,RU,2020-04-07 00:21:06
456,Bardiyah,31.76,25.09,clear sky,57.9,73,0,8.01,0.0,0.0,LY,2020-04-07 00:24:25
457,Wawa,9.9,4.42,scattered clouds,85.82,57,29,12.3,0.0,0.0,NG,2020-04-07 00:24:25
458,Narva-Joesuu,59.46,28.04,broken clouds,38.28,77,73,10.76,0.0,0.0,EE,2020-04-07 00:24:26
459,La Asuncion,11.03,-63.86,scattered clouds,80.6,88,40,24.16,0.0,0.0,VE,2020-04-07 00:24:26
460,Kolyvan,55.31,82.74,overcast clouds,39.2,86,90,6.71,0.0,0.0,RU,2020-04-07 00:24:26
461,Lugovoy,42.95,72.76,scattered clouds,51.94,46,48,3.76,0.0,0.0,KZ,2020-04-07 00:24:26
462,Bodmin,50.47,-4.72,clear sky,48.99,75,9,4.7,0.0,0.0,GB,2020-04-07 00:19:47
463,Lapa,-25.77,-49.72,broken clouds,64.4,100,75,10.29,0.0,0.0,BR,2020-04-07 00:23:52
464,Necochea,-38.55,-58.74,light rain,55.99,73,10,20.0,0.22,0.0,AR,2020-04-07 00:24:27
465,Axim,4.87,-2.24,light rain,81.63,84,15,5.84,0.18,0.0,GH,2020-04-07 00:24:27
466,General Roca,-39.03,-67.58,clear sky,57.2,54,0,2.24,0.0,0.0,AR,2020-04-07 00:24:28
467,Talnakh,69.49,88.4,light shower snow,30.2,100,90,20.13,0.0,0.0,RU,2020-04-07 00:24:28
468,Annonay,45.24,4.67,clear sky,53.6,57,0,5.82,0.0,0.0,FR,2020-04-07 00:24:28
469,Correia Pinto,-27.58,-50.36,overcast clouds,61.45,76,100,2.89,0.0,0.0,BR,2020-04-07 00:24:28
470,Vazante,-17.99,-46.91,light rain,73.17,74,39,1.01,0.84,0.0,BR,2020-04-07 00:24:29
471,Lima,-12.04,-77.03,scattered clouds,71.6,83,40,8.05,0.0,0.0,PE,2020-04-07 00:20:48
472,Winsum,53.33,6.52,mist,53.01,100,40,4.7,0.0,0.0,NL,2020-04-07 00:24:29
473,Luanda,-8.84,13.23,scattered clouds,80.6,83,40,8.05,0.0,0.0,AO,2020-04-07 00:19:46
474,Mega,4.05,38.3,few clouds,60.62,53,23,7.2,0.0,0.0,ET,2020-04-07 00:24:29
475,Florianopolis,-27.61,-48.5,scattered clouds,70.0,68,40,4.7,0.0,0.0,BR,2020-04-07 00:21:42
476,Jaisinghnagar,23.7,81.38,clear sky,73.62,18,8,2.59,0.0,0.0,IN,2020-04-07 00:24:30
477,Sisimiut,66.94,-53.67,broken clouds,12.42,84,79,4.88,0.0,0.0,GL,2020-04-07 00:24:30
478,Shakawe,-18.37,21.85,clear sky,66.99,38,1,1.88,0.0,0.0,BW,2020-04-07 00:24:30
479,Campoverde,-8.48,-74.81,scattered clouds,81.12,73,37,3.33,0.0,0.0,PE,2020-04-07 00:24:30
480,Maniitsoq,65.42,-52.9,overcast clouds,18.18,84,91,8.12,0.0,0.0,GL,2020-04-07 00:24:30
481,High Rock,26.62,-78.28,broken clouds,73.4,78,75,10.29,0.0,0.0,BS,2020-04-07 00:24:31
482,Naila,50.32,11.7,clear sky,48.99,51,0,1.01,0.0,0.0,DE,2020-04-07 00:24:31
483,Newburgh,41.5,-74.01,clear sky,61.0,24,5,13.87,0.0,0.0,US,2020-04-07 00:24:31
484,Lobito,-12.35,13.55,broken clouds,78.04,84,57,1.97,0.0,0.0,AO,2020-04-07 00:24:32
485,Turbat,26.0,63.04,broken clouds,83.05,15,64,12.57,0.0,0.0,PK,2020-04-07 00:24:32
486,Bogandinskiy,56.89,65.89,light shower snow,26.6,92,90,20.13,0.0,0.0,RU,2020-04-07 00:24:32
487,Sabha,27.04,14.43,clear sky,63.9,22,1,16.2,0.0,0.0,LY,2020-04-07 00:24:32
488,San Pedro,14.35,121.02,few clouds,87.01,66,20,4.7,0.0,0.0,PH,2020-04-07 00:24:32
489,Buchach,49.06,25.39,clear sky,40.59,57,0,4.16,0.0,0.0,UA,2020-04-07 00:20:45
490,Khanpur,28.65,70.66,scattered clouds,73.26,46,40,20.02,0.0,0.0,PK,2020-04-07 00:24:33
491,Korla,41.76,86.15,few clouds,60.01,49,24,3.33,0.0,0.0,CN,2020-04-07 00:21:14
492,Finote Selam,10.7,37.27,broken clouds,67.59,21,61,3.22,0.0,0.0,ET,2020-04-07 00:24:33
493,Sadiqabad,28.31,70.13,scattered clouds,74.53,43,45,16.87,0.0,0.0,PK,2020-04-07 00:24:33
494,Abapo,-18.83,-63.47,light rain,71.42,63,100,2.55,1.62,0.0,BO,2020-04-07 00:24:33
495,Royan,45.63,-1.03,light rain,53.6,93,100,3.36,0.14,0.0,FR,2020-04-07 00:24:34
496,Haverhill,42.78,-71.08,clear sky,55.4,18,1,3.36,0.0,0.0,US,2020-04-07 00:24:34
497,Kibaya,-5.3,36.57,light rain,60.21,67,86,3.76,0.34,0.0,TZ,2020-04-07 00:24:34
498,Krasnaya Gora,53.0,31.6,clear sky,39.2,64,0,2.24,0.0,0.0,RU,2020-04-07 00:24:35
499,Kyshtovka,56.55,76.63,broken clouds,32.63,92,69,9.82,0.0,0.0,RU,2020-04-07 00:22:03
500,Lethem,3.38,-59.8,overcast clouds,86.16,56,91,7.65,0.0,0.0,GY,2020-04-07 00:24:35
501,Islamkot,24.7,70.18,few clouds,75.97,50,13,8.95,0.0,0.0,PK,2020-04-07 00:24:35
502,Pemba,-12.97,40.52,few clouds,78.44,79,24,3.58,0.0,0.0,MZ,2020-04-07 00:24:35
503,Sokolo,14.73,-6.12,clear sky,86.04,11,0,11.7,0.0,0.0,ML,2020-04-07 00:24:35
504,Boa Vista,2.82,-60.67,broken clouds,82.4,74,75,5.82,0.0,0.0,BR,2020-04-07 00:24:36
505,Snezhnogorsk,69.19,33.25,light shower snow,24.8,85,40,6.71,0.0,0.0,RU,2020-04-07 00:24:36
506,Adeje,28.12,-16.73,scattered clouds,70.0,88,40,5.82,0.0,0.0,ES,2020-04-07 00:24:37
507,Clinton,42.59,-82.92,clear sky,54.0,29,1,8.05,0.0,0.0,US,2020-04-07 00:24:37
508,Ajdabiya,30.76,20.23,clear sky,57.97,75,1,8.08,0.0,0.0,LY,2020-04-07 00:24:37
509,Edewecht,53.13,7.98,light rain,55.0,87,27,1.12,0.4,0.0,DE,2020-04-07 00:24:37
510,Meybod,32.25,54.02,scattered clouds,59.0,28,30,6.93,0.0,0.0,IR,2020-04-07 00:24:37
511,Sardinata,8.08,-72.8,haze,84.2,66,40,5.82,0.0,0.0,CO,2020-04-07 00:24:38
512,Kollam,8.88,76.6,mist,80.6,83,40,2.24,0.0,0.0,IN,2020-04-07 00:24:38
513,Barcelos,41.54,-8.62,broken clouds,59.0,93,75,9.17,0.0,0.0,PT,2020-04-07 00:23:10
514,Benin,9.5,2.25,few clouds,82.76,60,13,10.2,0.0,0.0,BJ,2020-04-07 00:24:38
515,Sao Jose Da Coroa Grande,-8.9,-35.15,scattered clouds,80.87,80,28,6.38,0.0,0.0,BR,2020-04-07 00:24:38
516,Nguru,12.88,10.45,scattered clouds,88.18,13,37,7.34,0.0,0.0,NG,2020-04-07 00:24:38
517,Belmonte,-15.86,-38.88,broken clouds,80.6,69,75,10.29,0.0,0.0,BR,2020-04-07 00:24:39
518,Santa Lucia,27.91,-15.54,few clouds,68.0,77,20,16.11,0.0,0.0,ES,2020-04-07 00:24:39
519,Luba,3.46,8.55,few clouds,78.8,100,20,2.24,0.0,0.0,GQ,2020-04-07 00:24:39
520,Impfondo,1.64,18.07,broken clouds,72.66,83,83,2.21,0.0,0.0,CG,2020-04-07 00:24:39
521,Praia,14.92,-23.51,clear sky,73.4,73,0,18.34,0.0,0.0,CV,2020-04-07 00:20:11
522,Sitges,41.24,1.81,few clouds,57.0,81,20,5.82,0.0,0.0,ES,2020-04-07 00:24:40
523,Warren,39.43,-84.17,overcast clouds,66.99,68,90,3.22,0.0,0.0,US,2020-04-07 00:24:40
524,Torres,-29.34,-49.73,overcast clouds,68.43,85,95,4.74,0.0,0.0,BR,2020-04-07 00:24:40
525,Danielskuil,-28.19,23.54,overcast clouds,52.75,34,91,7.14,0.0,0.0,ZA,2020-04-07 00:24:40
526,Araouane,18.9,-3.53,clear sky,82.4,12,0,8.88,0.0,0.0,ML,2020-04-07 00:24:40
527,Dabou,5.33,-4.38,few clouds,82.4,88,20,2.24,0.0,0.0,CI,2020-04-07 00:24:41
528,Dhidhdhoo,6.88,73.1,light rain,84.31,69,5,4.12,0.4,0.0,MV,2020-04-07 00:24:42
529,La Union,-5.4,-80.75,clear sky,80.28,60,7,15.93,0.0,0.0,PE,2020-04-07 00:24:42
530,Safaga,26.73,33.94,clear sky,71.6,37,0,10.29,0.0,0.0,EG,2020-04-07 00:24:43
531,Pokhvistnevo,53.65,52.13,overcast clouds,30.9,94,97,10.36,0.0,0.0,RU,2020-04-07 00:24:43
532,Senador Jose Porfirio,-2.59,-51.95,light rain,78.22,92,100,4.94,2.52,0.0,BR,2020-04-07 00:24:43
533,Misratah,32.38,15.09,clear sky,59.31,64,0,8.37,0.0,0.0,LY,2020-04-07 00:24:43
534,Veraval,20.9,70.37,scattered clouds,73.67,74,28,8.19,0.0,0.0,IN,2020-04-07 00:24:43
535,Astana,51.18,71.45,overcast clouds,41.0,80,100,13.42,0.0,0.0,KZ,2020-04-07 00:20:56
536,Georgiyevka,43.04,74.71,few clouds,48.2,87,19,6.71,0.0,0.0,KZ,2020-04-07 00:24:44
537,Porbandar,21.64,69.61,clear sky,74.44,74,0,5.17,0.0,0.0,IN,2020-04-07 00:24:44
538,Gat,31.61,34.76,scattered clouds,61.0,87,40,4.7,0.0,0.0,IL,2020-04-07 00:24:05
539,Moose Factory,51.26,-80.61,overcast clouds,24.8,73,90,4.7,0.0,0.0,CA,2020-04-07 00:24:44
540,Waren,53.52,12.68,clear sky,52.0,50,0,3.36,0.0,0.0,DE,2020-04-07 00:24:44
541,Bonthe,7.53,-12.51,scattered clouds,81.27,87,40,5.79,0.0,0.0,SL,2020-04-07 00:24:44
542,Husum,54.49,9.05,scattered clouds,48.99,87,40,10.29,0.0,0.0,DE,2020-04-07 00:24:45
543,Bandundu,-3.32,17.37,light rain,74.55,82,52,3.18,1.02,0.0,CD,2020-04-07 00:24:45
544,Ascension,30.22,-90.9,scattered clouds,77.0,61,40,4.7,0.0,0.0,US,2020-04-07 00:24:45
545,Tarko-Sale,64.92,77.78,snow,32.0,93,100,10.89,0.0,0.0,RU,2020-04-07 00:24:45
546,Altenburg,50.98,12.45,clear sky,52.0,65,0,3.36,0.0,0.0,DE,2020-04-07 00:24:45
547,Dunaszekcso,46.09,18.76,clear sky,42.8,38,0,5.82,0.0,0.0,HU,2020-04-07 00:24:46
548,Marquette,46.53,-87.63,overcast clouds,46.99,74,90,4.7,0.0,0.0,US,2020-04-07 00:24:46
549,Saint-Francois,46.42,3.91,clear sky,50.0,75,7,3.36,0.0,0.0,FR,2020-04-07 00:24:47
550,Seredka,58.16,28.19,few clouds,30.2,92,21,2.24,0.0,0.0,RU,2020-04-07 00:24:47
551,Gorom-Gorom,14.44,-0.24,clear sky,86.47,11,0,8.75,0.0,0.0,BF,2020-04-07 00:24:47
552,Jumla,29.27,82.18,clear sky,39.83,25,3,5.59,0.0,0.0,NP,2020-04-07 00:22:08
553,Malm,64.07,11.22,drizzle,46.0,87,94,2.24,0.0,0.0,NO,2020-04-07 00:24:48
554,Podgornoye,51.73,39.15,overcast clouds,32.0,76,98,4.47,0.0,0.0,RU,2020-04-07 00:24:48
555,Punta Alta,-38.88,-62.07,clear sky,56.01,49,3,10.71,0.0,0.0,AR,2020-04-07 00:24:48
556,Alibag,18.64,72.88,haze,78.8,88,40,2.55,0.0,0.0,IN,2020-04-07 00:24:48
557,Itaituba,-4.28,-55.98,overcast clouds,77.5,93,100,0.98,0.0,0.0,BR,2020-04-07 00:20:50
558,Santa Fe,-31.63,-60.7,clear sky,64.99,43,0,1.99,0.0,0.0,AR,2020-04-07 00:22:13
559,Agadir,30.42,-9.6,scattered clouds,62.6,82,40,4.7,0.0,0.0,MA,2020-04-07 00:21:59
